SITE_ID,year,month,MODIS_PFT,koppen,model_name,type,value,date
US-xJR,2019,1,GRA,Arid,GPP_Baseline,obs,0.0662654,2019-01-01
US-xJR,2019,2,GRA,Arid,GPP_Baseline,obs,0.118952,2019-02-01
US-xJR,2019,3,GRA,Arid,GPP_Baseline,obs,0.315589,2019-03-01
US-xJR,2019,4,GRA,Arid,GPP_Baseline,obs,0.785051,2019-04-01
US-xJR,2019,6,GRA,Arid,GPP_Baseline,obs,0.755552,2019-06-01
US-xJR,2019,7,GRA,Arid,GPP_Baseline,obs,0.280545,2019-07-01
US-xJR,2019,8,GRA,Arid,GPP_Baseline,obs,0.680784,2019-08-01
US-xJR,2019,9,GRA,Arid,GPP_Baseline,obs,1.24239,2019-09-01
US-xJR,2019,10,GRA,Arid,GPP_Baseline,obs,0.969313,2019-10-01
US-xJR,2019,12,GRA,Arid,GPP_Baseline,obs,0.0357602,2019-12-01
US-xJR,2020,1,GRA,Arid,GPP_Baseline,obs,0.0602633,2020-01-01
US-xJR,2020,2,GRA,Arid,GPP_Baseline,obs,0.119953,2020-02-01
US-xJR,2020,3,GRA,Arid,GPP_Baseline,obs,0.627186,2020-03-01
US-xJR,2020,4,GRA,Arid,GPP_Baseline,obs,1.53244,2020-04-01
US-xJR,2020,5,GRA,Arid,GPP_Baseline,obs,0.684012,2020-05-01
US-xJR,2020,6,GRA,Arid,GPP_Baseline,obs,0.613334,2020-06-01
US-xJR,2020,7,GRA,Arid,GPP_Baseline,obs,1.33408,2020-07-01
US-xJR,2020,8,GRA,Arid,GPP_Baseline,obs,0.399439,2020-08-01
US-xJR,2020,9,GRA,Arid,GPP_Baseline,obs,0.615688,2020-09-01
US-xJR,2020,10,GRA,Arid,GPP_Baseline,obs,0.115132,2020-10-01
US-xJR,2020,11,GRA,Arid,GPP_Baseline,obs,0.121181,2020-11-01
US-xJR,2020,12,GRA,Arid,GPP_Baseline,obs,-0.0411926,2020-12-01
US-xJR,2021,2,GRA,Arid,GPP_Baseline,obs,-0.131416,2021-02-01
US-xJR,2021,3,GRA,Arid,GPP_Baseline,obs,-0.0827346,2021-03-01
US-xJR,2021,4,GRA,Arid,GPP_Baseline,obs,-0.134355,2021-04-01
US-xJR,2021,5,GRA,Arid,GPP_Baseline,obs,-0.0270578,2021-05-01
US-xJR,2021,6,GRA,Arid,GPP_Baseline,obs,-0.123667,2021-06-01
US-xJR,2021,7,GRA,Arid,GPP_Baseline,obs,2.96703,2021-07-01
US-xJR,2021,8,GRA,Arid,GPP_Baseline,obs,2.59573,2021-08-01
US-xJR,2021,9,GRA,Arid,GPP_Baseline,obs,0.545135,2021-09-01
US-xJR,2021,10,GRA,Arid,GPP_Baseline,obs,0.33249,2021-10-01
US-xJR,2021,11,GRA,Arid,GPP_Baseline,obs,-0.035413,2021-11-01
US-xJR,2021,12,GRA,Arid,GPP_Baseline,obs,0.0159505,2021-12-01
US-xJR,2022,1,GRA,Arid,GPP_Baseline,obs,-0.00336099,2022-01-01
US-xJR,2022,2,GRA,Arid,GPP_Baseline,obs,-0.0503223,2022-02-01
US-xJR,2022,3,GRA,Arid,GPP_Baseline,obs,-0.121908,2022-03-01
US-xJR,2022,4,GRA,Arid,GPP_Baseline,obs,-0.0931877,2022-04-01
US-xJR,2022,5,GRA,Arid,GPP_Baseline,obs,-0.0209108,2022-05-01
US-xJR,2022,6,GRA,Arid,GPP_Baseline,obs,0.275183,2022-06-01
US-xJR,2022,7,GRA,Arid,GPP_Baseline,obs,0.828757,2022-07-01
US-xJR,2022,8,GRA,Arid,GPP_Baseline,obs,0.462736,2022-08-01
US-xJR,2022,9,GRA,Arid,GPP_Baseline,obs,1.49378,2022-09-01
US-xJR,2022,10,GRA,Arid,GPP_Baseline,obs,0.688336,2022-10-01
US-xJR,2022,11,GRA,Arid,GPP_Baseline,obs,0.277822,2022-11-01
US-xJR,2022,12,GRA,Arid,GPP_Baseline,obs,0.144892,2022-12-01
US-xJR,2023,1,GRA,Arid,GPP_Baseline,obs,0.193029,2023-01-01
US-xJR,2023,3,GRA,Arid,GPP_Baseline,obs,0.176905,2023-03-01
US-xJR,2023,4,GRA,Arid,GPP_Baseline,obs,0.0517931,2023-04-01
US-xJR,2023,5,GRA,Arid,GPP_Baseline,obs,0.53256,2023-05-01
US-xJR,2023,6,GRA,Arid,GPP_Baseline,obs,0.470847,2023-06-01
US-xJR,2023,7,GRA,Arid,GPP_Baseline,obs,0.169325,2023-07-01
US-xJR,2023,8,GRA,Arid,GPP_Baseline,obs,0.260141,2023-08-01
US-xJR,2023,9,GRA,Arid,GPP_Baseline,obs,0.156998,2023-09-01
US-xJR,2023,10,GRA,Arid,GPP_Baseline,obs,0.0392943,2023-10-01
US-xJR,2023,11,GRA,Arid,GPP_Baseline,obs,0.0265117,2023-11-01
US-xJR,2023,12,GRA,Arid,GPP_Baseline,obs,0.0103253,2023-12-01
US-xST,2019,1,DBF,Cold,GPP_Baseline,obs,0.0144067,2019-01-01
US-xST,2019,2,DBF,Cold,GPP_Baseline,obs,0.0168726,2019-02-01
US-xST,2019,3,DBF,Cold,GPP_Baseline,obs,0.0812714,2019-03-01
US-xST,2019,4,DBF,Cold,GPP_Baseline,obs,0.624405,2019-04-01
US-xST,2019,5,DBF,Cold,GPP_Baseline,obs,2.16011,2019-05-01
US-xST,2019,6,DBF,Cold,GPP_Baseline,obs,9.57754,2019-06-01
US-xST,2019,7,DBF,Cold,GPP_Baseline,obs,12.2609,2019-07-01
US-xST,2019,8,DBF,Cold,GPP_Baseline,obs,9.30351,2019-08-01
US-xST,2019,9,DBF,Cold,GPP_Baseline,obs,5.11047,2019-09-01
US-xST,2019,10,DBF,Cold,GPP_Baseline,obs,1.12048,2019-10-01
US-xST,2019,11,DBF,Cold,GPP_Baseline,obs,0.0927412,2019-11-01
US-xST,2019,12,DBF,Cold,GPP_Baseline,obs,0.0278523,2019-12-01
US-xST,2020,1,DBF,Cold,GPP_Baseline,obs,0.0374721,2020-01-01
US-xST,2020,2,DBF,Cold,GPP_Baseline,obs,-0.0284757,2020-02-01
US-xST,2020,3,DBF,Cold,GPP_Baseline,obs,0.13783,2020-03-01
US-xST,2020,4,DBF,Cold,GPP_Baseline,obs,0.622514,2020-04-01
US-xST,2020,5,DBF,Cold,GPP_Baseline,obs,3.40535,2020-05-01
US-xST,2020,6,DBF,Cold,GPP_Baseline,obs,11.023,2020-06-01
US-xST,2020,7,DBF,Cold,GPP_Baseline,obs,11.2921,2020-07-01
US-xST,2020,8,DBF,Cold,GPP_Baseline,obs,9.52414,2020-08-01
US-xST,2020,9,DBF,Cold,GPP_Baseline,obs,4.99712,2020-09-01
US-xST,2020,10,DBF,Cold,GPP_Baseline,obs,0.629644,2020-10-01
US-xST,2020,11,DBF,Cold,GPP_Baseline,obs,0.205881,2020-11-01
US-xST,2020,12,DBF,Cold,GPP_Baseline,obs,0.00496051,2020-12-01
US-xST,2021,1,DBF,Cold,GPP_Baseline,obs,-0.0238769,2021-01-01
US-xST,2021,2,DBF,Cold,GPP_Baseline,obs,-0.0138827,2021-02-01
US-xST,2021,3,DBF,Cold,GPP_Baseline,obs,0.330284,2021-03-01
US-xST,2021,4,DBF,Cold,GPP_Baseline,obs,1.21975,2021-04-01
US-xST,2021,5,DBF,Cold,GPP_Baseline,obs,3.44485,2021-05-01
US-xST,2021,12,DBF,Cold,GPP_Baseline,obs,-0.0554825,2021-12-01
US-xST,2022,1,DBF,Cold,GPP_Baseline,obs,-0.126938,2022-01-01
US-xST,2022,2,DBF,Cold,GPP_Baseline,obs,-0.115362,2022-02-01
US-xST,2022,3,DBF,Cold,GPP_Baseline,obs,0.0735502,2022-03-01
US-xST,2022,4,DBF,Cold,GPP_Baseline,obs,0.752933,2022-04-01
US-xST,2022,5,DBF,Cold,GPP_Baseline,obs,3.70059,2022-05-01
US-xST,2022,6,DBF,Cold,GPP_Baseline,obs,10.599,2022-06-01
US-xST,2022,7,DBF,Cold,GPP_Baseline,obs,11.0722,2022-07-01
US-xST,2022,8,DBF,Cold,GPP_Baseline,obs,9.89762,2022-08-01
US-xST,2022,9,DBF,Cold,GPP_Baseline,obs,6.7365,2022-09-01
US-xST,2022,10,DBF,Cold,GPP_Baseline,obs,1.32932,2022-10-01
US-xST,2022,11,DBF,Cold,GPP_Baseline,obs,0.18078,2022-11-01
US-xST,2022,12,DBF,Cold,GPP_Baseline,obs,-0.106131,2022-12-01
US-xST,2023,1,DBF,Cold,GPP_Baseline,obs,0.029683,2023-01-01
US-xST,2023,2,DBF,Cold,GPP_Baseline,obs,-0.00809935,2023-02-01
US-xST,2023,3,DBF,Cold,GPP_Baseline,obs,0.139837,2023-03-01
US-xST,2023,4,DBF,Cold,GPP_Baseline,obs,0.730264,2023-04-01
US-xST,2023,5,DBF,Cold,GPP_Baseline,obs,5.02881,2023-05-01
US-xST,2023,6,DBF,Cold,GPP_Baseline,obs,10.9679,2023-06-01
US-xST,2023,7,DBF,Cold,GPP_Baseline,obs,12.7719,2023-07-01
US-xST,2023,9,DBF,Cold,GPP_Baseline,obs,5.30968,2023-09-01
US-xST,2023,10,DBF,Cold,GPP_Baseline,obs,1.49767,2023-10-01
US-xST,2023,11,DBF,Cold,GPP_Baseline,obs,0.393542,2023-11-01
US-xST,2023,12,DBF,Cold,GPP_Baseline,obs,0.118534,2023-12-01
US-xHA,2019,2,DBF,Cold,GPP_Baseline,obs,0.0664967,2019-02-01
US-xHA,2019,3,DBF,Cold,GPP_Baseline,obs,0.0540702,2019-03-01
US-xHA,2019,6,DBF,Cold,GPP_Baseline,obs,11.1069,2019-06-01
US-xHA,2019,7,DBF,Cold,GPP_Baseline,obs,14.4974,2019-07-01
US-xHA,2019,8,DBF,Cold,GPP_Baseline,obs,13.6887,2019-08-01
US-xHA,2019,9,DBF,Cold,GPP_Baseline,obs,8.57958,2019-09-01
US-xHA,2019,10,DBF,Cold,GPP_Baseline,obs,2.97854,2019-10-01
US-xHA,2019,11,DBF,Cold,GPP_Baseline,obs,0.0848091,2019-11-01
US-xHA,2019,12,DBF,Cold,GPP_Baseline,obs,-0.113045,2019-12-01
US-xHA,2020,1,DBF,Cold,GPP_Baseline,obs,-0.0778727,2020-01-01
US-xHA,2020,2,DBF,Cold,GPP_Baseline,obs,-0.14823,2020-02-01
US-xHA,2020,7,DBF,Cold,GPP_Baseline,obs,13.9053,2020-07-01
US-xHA,2020,8,DBF,Cold,GPP_Baseline,obs,10.7445,2020-08-01
US-xHA,2020,9,DBF,Cold,GPP_Baseline,obs,8.43461,2020-09-01
US-xHA,2020,10,DBF,Cold,GPP_Baseline,obs,3.50869,2020-10-01
US-xHA,2020,11,DBF,Cold,GPP_Baseline,obs,0.457692,2020-11-01
US-xHA,2020,12,DBF,Cold,GPP_Baseline,obs,0.0550455,2020-12-01
US-xHA,2021,1,DBF,Cold,GPP_Baseline,obs,0.0496681,2021-01-01
US-xHA,2021,2,DBF,Cold,GPP_Baseline,obs,0.0915707,2021-02-01
US-xHA,2021,3,DBF,Cold,GPP_Baseline,obs,0.264398,2021-03-01
US-xHA,2021,4,DBF,Cold,GPP_Baseline,obs,0.876388,2021-04-01
US-xHA,2021,5,DBF,Cold,GPP_Baseline,obs,4.68795,2021-05-01
US-xHA,2021,6,DBF,Cold,GPP_Baseline,obs,11.356,2021-06-01
US-xHA,2021,7,DBF,Cold,GPP_Baseline,obs,10.2116,2021-07-01
US-xHA,2021,8,DBF,Cold,GPP_Baseline,obs,11.2153,2021-08-01
US-xHA,2021,9,DBF,Cold,GPP_Baseline,obs,8.20897,2021-09-01
US-xHA,2021,10,DBF,Cold,GPP_Baseline,obs,4.42026,2021-10-01
US-xHA,2021,11,DBF,Cold,GPP_Baseline,obs,0.715168,2021-11-01
US-xHA,2021,12,DBF,Cold,GPP_Baseline,obs,0.109368,2021-12-01
US-xHA,2022,1,DBF,Cold,GPP_Baseline,obs,0.0884756,2022-01-01
US-xHA,2022,2,DBF,Cold,GPP_Baseline,obs,0.161687,2022-02-01
US-xHA,2022,3,DBF,Cold,GPP_Baseline,obs,0.0685065,2022-03-01
US-xHA,2022,4,DBF,Cold,GPP_Baseline,obs,0.765995,2022-04-01
US-xHA,2022,5,DBF,Cold,GPP_Baseline,obs,4.77445,2022-05-01
US-xHA,2022,6,DBF,Cold,GPP_Baseline,obs,11.7901,2022-06-01
US-xHA,2022,7,DBF,Cold,GPP_Baseline,obs,12.2904,2022-07-01
US-xHA,2022,8,DBF,Cold,GPP_Baseline,obs,10.2975,2022-08-01
US-xHA,2022,9,DBF,Cold,GPP_Baseline,obs,8.60732,2022-09-01
US-xHA,2022,10,DBF,Cold,GPP_Baseline,obs,2.95319,2022-10-01
US-xHA,2022,11,DBF,Cold,GPP_Baseline,obs,0.40471,2022-11-01
US-xHA,2022,12,DBF,Cold,GPP_Baseline,obs,0.0718342,2022-12-01
US-xHA,2023,1,DBF,Cold,GPP_Baseline,obs,0.0985553,2023-01-01
US-xHA,2023,2,DBF,Cold,GPP_Baseline,obs,0.0638647,2023-02-01
US-xHA,2023,3,DBF,Cold,GPP_Baseline,obs,0.19638,2023-03-01
US-xHA,2023,4,DBF,Cold,GPP_Baseline,obs,0.690831,2023-04-01
US-xHA,2023,5,DBF,Cold,GPP_Baseline,obs,5.13658,2023-05-01
US-xHA,2023,6,DBF,Cold,GPP_Baseline,obs,10.9404,2023-06-01
US-xHA,2023,7,DBF,Cold,GPP_Baseline,obs,12.2966,2023-07-01
US-xHA,2023,8,DBF,Cold,GPP_Baseline,obs,10.5185,2023-08-01
US-xHA,2023,9,DBF,Cold,GPP_Baseline,obs,7.09434,2023-09-01
US-xHA,2023,10,DBF,Cold,GPP_Baseline,obs,3.85968,2023-10-01
US-xHA,2023,11,DBF,Cold,GPP_Baseline,obs,0.34954,2023-11-01
US-xHA,2023,12,DBF,Cold,GPP_Baseline,obs,0.226209,2023-12-01
US-xSL,2019,2,GRA,Arid,GPP_Baseline,obs,0.183654,2019-02-01
US-xSL,2019,4,GRA,Arid,GPP_Baseline,obs,0.209236,2019-04-01
US-xSL,2019,5,GRA,Arid,GPP_Baseline,obs,0.182889,2019-05-01
US-xSL,2019,6,GRA,Arid,GPP_Baseline,obs,0.995019,2019-06-01
US-xSL,2019,7,GRA,Arid,GPP_Baseline,obs,4.4868,2019-07-01
US-xSL,2019,9,GRA,Arid,GPP_Baseline,obs,0.801013,2019-09-01
US-xSL,2019,10,GRA,Arid,GPP_Baseline,obs,-0.0139076,2019-10-01
US-xSL,2019,11,GRA,Arid,GPP_Baseline,obs,-0.04267,2019-11-01
US-xSL,2019,12,GRA,Arid,GPP_Baseline,obs,-0.1069,2019-12-01
US-xSL,2020,1,GRA,Arid,GPP_Baseline,obs,0.00462211,2020-01-01
US-xSL,2020,2,GRA,Arid,GPP_Baseline,obs,-0.0523718,2020-02-01
US-xSL,2020,3,GRA,Arid,GPP_Baseline,obs,-0.155638,2020-03-01
US-xSL,2020,4,GRA,Arid,GPP_Baseline,obs,-0.00589334,2020-04-01
US-xSL,2020,5,GRA,Arid,GPP_Baseline,obs,0.752768,2020-05-01
US-xSL,2020,10,GRA,Arid,GPP_Baseline,obs,0.344983,2020-10-01
US-xSL,2020,12,GRA,Arid,GPP_Baseline,obs,-0.0585968,2020-12-01
US-xSL,2021,3,GRA,Arid,GPP_Baseline,obs,0.0652347,2021-03-01
US-xSL,2021,4,GRA,Arid,GPP_Baseline,obs,0.352614,2021-04-01
US-xSL,2021,6,GRA,Arid,GPP_Baseline,obs,5.35996,2021-06-01
US-xSL,2021,7,GRA,Arid,GPP_Baseline,obs,1.92402,2021-07-01
US-xSL,2021,8,GRA,Arid,GPP_Baseline,obs,1.225,2021-08-01
US-xSL,2021,9,GRA,Arid,GPP_Baseline,obs,0.818698,2021-09-01
US-xSL,2021,10,GRA,Arid,GPP_Baseline,obs,0.0481487,2021-10-01
US-xSL,2021,11,GRA,Arid,GPP_Baseline,obs,0.0274627,2021-11-01
US-xSL,2021,12,GRA,Arid,GPP_Baseline,obs,0.0273313,2021-12-01
US-xSL,2022,1,GRA,Arid,GPP_Baseline,obs,-0.0244898,2022-01-01
US-xSL,2022,2,GRA,Arid,GPP_Baseline,obs,-0.0992228,2022-02-01
US-xSL,2022,3,GRA,Arid,GPP_Baseline,obs,-0.00979,2022-03-01
US-xSL,2022,4,GRA,Arid,GPP_Baseline,obs,0.0952209,2022-04-01
US-xSL,2022,5,GRA,Arid,GPP_Baseline,obs,0.325809,2022-05-01
US-xSL,2022,6,GRA,Arid,GPP_Baseline,obs,1.09871,2022-06-01
US-xSL,2022,7,GRA,Arid,GPP_Baseline,obs,3.31787,2022-07-01
US-xSL,2022,8,GRA,Arid,GPP_Baseline,obs,3.01006,2022-08-01
US-xSL,2022,9,GRA,Arid,GPP_Baseline,obs,0.704835,2022-09-01
US-xSL,2022,10,GRA,Arid,GPP_Baseline,obs,0.228828,2022-10-01
US-xSL,2022,11,GRA,Arid,GPP_Baseline,obs,0.112725,2022-11-01
US-xSL,2023,1,GRA,Arid,GPP_Baseline,obs,-0.0258643,2023-01-01
US-xSL,2023,2,GRA,Arid,GPP_Baseline,obs,-0.0932533,2023-02-01
US-xSL,2023,3,GRA,Arid,GPP_Baseline,obs,-0.00522413,2023-03-01
US-xSL,2023,4,GRA,Arid,GPP_Baseline,obs,0.167592,2023-04-01
US-xSL,2023,8,GRA,Arid,GPP_Baseline,obs,0.899843,2023-08-01
US-xSL,2023,9,GRA,Arid,GPP_Baseline,obs,0.10513,2023-09-01
US-xSL,2023,10,GRA,Arid,GPP_Baseline,obs,-0.0442672,2023-10-01
US-xSL,2023,11,GRA,Arid,GPP_Baseline,obs,0.0791125,2023-11-01
US-xSL,2023,12,GRA,Arid,GPP_Baseline,obs,0.127828,2023-12-01
US-xTR,2019,1,DBF,Cold,GPP_Baseline,obs,-0.0256686,2019-01-01
US-xTR,2019,2,DBF,Cold,GPP_Baseline,obs,0.108755,2019-02-01
US-xTR,2019,3,DBF,Cold,GPP_Baseline,obs,0.0457853,2019-03-01
US-xTR,2019,4,DBF,Cold,GPP_Baseline,obs,0.664459,2019-04-01
US-xTR,2019,5,DBF,Cold,GPP_Baseline,obs,2.25856,2019-05-01
US-xTR,2019,6,DBF,Cold,GPP_Baseline,obs,9.47051,2019-06-01
US-xTR,2019,7,DBF,Cold,GPP_Baseline,obs,11.8888,2019-07-01
US-xTR,2019,8,DBF,Cold,GPP_Baseline,obs,8.43099,2019-08-01
US-xTR,2019,9,DBF,Cold,GPP_Baseline,obs,6.35795,2019-09-01
US-xTR,2019,10,DBF,Cold,GPP_Baseline,obs,1.24013,2019-10-01
US-xTR,2019,11,DBF,Cold,GPP_Baseline,obs,0.0581121,2019-11-01
US-xTR,2019,12,DBF,Cold,GPP_Baseline,obs,0.0335969,2019-12-01
US-xTR,2020,1,DBF,Cold,GPP_Baseline,obs,-0.00813659,2020-01-01
US-xTR,2020,2,DBF,Cold,GPP_Baseline,obs,-0.0725107,2020-02-01
US-xTR,2020,3,DBF,Cold,GPP_Baseline,obs,0.134084,2020-03-01
US-xTR,2020,4,DBF,Cold,GPP_Baseline,obs,0.62792,2020-04-01
US-xTR,2020,5,DBF,Cold,GPP_Baseline,obs,3.44776,2020-05-01
US-xTR,2020,6,DBF,Cold,GPP_Baseline,obs,11.962,2020-06-01
US-xTR,2020,7,DBF,Cold,GPP_Baseline,obs,12.0931,2020-07-01
US-xTR,2020,8,DBF,Cold,GPP_Baseline,obs,11.081,2020-08-01
US-xTR,2020,9,DBF,Cold,GPP_Baseline,obs,5.09182,2020-09-01
US-xTR,2021,1,DBF,Cold,GPP_Baseline,obs,0.00515426,2021-01-01
US-xTR,2021,2,DBF,Cold,GPP_Baseline,obs,0.0062245,2021-02-01
US-xTR,2021,3,DBF,Cold,GPP_Baseline,obs,0.329374,2021-03-01
US-xTR,2021,4,DBF,Cold,GPP_Baseline,obs,1.14187,2021-04-01
US-xTR,2021,5,DBF,Cold,GPP_Baseline,obs,4.48251,2021-05-01
US-xTR,2021,6,DBF,Cold,GPP_Baseline,obs,11.8046,2021-06-01
US-xTR,2021,7,DBF,Cold,GPP_Baseline,obs,13.549,2021-07-01
US-xTR,2021,8,DBF,Cold,GPP_Baseline,obs,8.06757,2021-08-01
US-xTR,2021,9,DBF,Cold,GPP_Baseline,obs,6.10575,2021-09-01
US-xTR,2021,10,DBF,Cold,GPP_Baseline,obs,1.0799,2021-10-01
US-xTR,2021,11,DBF,Cold,GPP_Baseline,obs,0.296686,2021-11-01
US-xTR,2021,12,DBF,Cold,GPP_Baseline,obs,-0.0247477,2021-12-01
US-xTR,2022,1,DBF,Cold,GPP_Baseline,obs,-0.0416456,2022-01-01
US-xTR,2022,2,DBF,Cold,GPP_Baseline,obs,-0.023462,2022-02-01
US-xTR,2022,3,DBF,Cold,GPP_Baseline,obs,0.0385906,2022-03-01
US-xTR,2022,4,DBF,Cold,GPP_Baseline,obs,0.611438,2022-04-01
US-xTR,2022,5,DBF,Cold,GPP_Baseline,obs,3.42073,2022-05-01
US-xTR,2022,6,DBF,Cold,GPP_Baseline,obs,10.1594,2022-06-01
US-xTR,2022,7,DBF,Cold,GPP_Baseline,obs,11.6522,2022-07-01
US-xTR,2022,8,DBF,Cold,GPP_Baseline,obs,9.29548,2022-08-01
US-xTR,2022,9,DBF,Cold,GPP_Baseline,obs,6.91451,2022-09-01
US-xTR,2022,10,DBF,Cold,GPP_Baseline,obs,1.28039,2022-10-01
US-xTR,2022,11,DBF,Cold,GPP_Baseline,obs,0.23144,2022-11-01
US-xTR,2022,12,DBF,Cold,GPP_Baseline,obs,-0.314327,2022-12-01
US-xTR,2023,1,DBF,Cold,GPP_Baseline,obs,-0.120933,2023-01-01
US-xTR,2023,2,DBF,Cold,GPP_Baseline,obs,0.11449,2023-02-01
US-xTR,2023,3,DBF,Cold,GPP_Baseline,obs,0.0425343,2023-03-01
US-xTR,2023,4,DBF,Cold,GPP_Baseline,obs,0.549707,2023-04-01
US-xTR,2023,5,DBF,Cold,GPP_Baseline,obs,3.73601,2023-05-01
US-xTR,2023,6,DBF,Cold,GPP_Baseline,obs,9.41565,2023-06-01
US-xTR,2023,7,DBF,Cold,GPP_Baseline,obs,12.9144,2023-07-01
US-xTR,2023,8,DBF,Cold,GPP_Baseline,obs,9.72179,2023-08-01
US-xTR,2023,9,DBF,Cold,GPP_Baseline,obs,5.39627,2023-09-01
US-xTR,2023,11,DBF,Cold,GPP_Baseline,obs,0.305262,2023-11-01
US-xTR,2023,12,DBF,Cold,GPP_Baseline,obs,0.284134,2023-12-01
US-xJR,2019,1,GRA,Arid,NEE_Baseline,obs,0.0107926,2019-01-01
US-xJR,2019,2,GRA,Arid,NEE_Baseline,obs,-0.015341,2019-02-01
US-xJR,2019,3,GRA,Arid,NEE_Baseline,obs,-0.0684187,2019-03-01
US-xJR,2019,4,GRA,Arid,NEE_Baseline,obs,-0.288408,2019-04-01
US-xJR,2019,6,GRA,Arid,NEE_Baseline,obs,0.0540118,2019-06-01
US-xJR,2019,7,GRA,Arid,NEE_Baseline,obs,0.35426,2019-07-01
US-xJR,2019,8,GRA,Arid,NEE_Baseline,obs,0.474972,2019-08-01
US-xJR,2019,9,GRA,Arid,NEE_Baseline,obs,-0.0527688,2019-09-01
US-xJR,2019,10,GRA,Arid,NEE_Baseline,obs,-0.451831,2019-10-01
US-xJR,2019,12,GRA,Arid,NEE_Baseline,obs,0.0764015,2019-12-01
US-xJR,2020,1,GRA,Arid,NEE_Baseline,obs,0.0333876,2020-01-01
US-xJR,2020,2,GRA,Arid,NEE_Baseline,obs,0.0478478,2020-02-01
US-xJR,2020,3,GRA,Arid,NEE_Baseline,obs,-0.141441,2020-03-01
US-xJR,2020,4,GRA,Arid,NEE_Baseline,obs,-0.817446,2020-04-01
US-xJR,2020,5,GRA,Arid,NEE_Baseline,obs,-0.144118,2020-05-01
US-xJR,2020,6,GRA,Arid,NEE_Baseline,obs,0.286504,2020-06-01
US-xJR,2020,7,GRA,Arid,NEE_Baseline,obs,-0.0992231,2020-07-01
US-xJR,2020,8,GRA,Arid,NEE_Baseline,obs,0.0592978,2020-08-01
US-xJR,2020,9,GRA,Arid,NEE_Baseline,obs,0.197561,2020-09-01
US-xJR,2020,10,GRA,Arid,NEE_Baseline,obs,0.0264487,2020-10-01
US-xJR,2020,11,GRA,Arid,NEE_Baseline,obs,0.0200499,2020-11-01
US-xJR,2020,12,GRA,Arid,NEE_Baseline,obs,0.12418,2020-12-01
US-xJR,2021,2,GRA,Arid,NEE_Baseline,obs,0.178422,2021-02-01
US-xJR,2021,3,GRA,Arid,NEE_Baseline,obs,0.0948511,2021-03-01
US-xJR,2021,4,GRA,Arid,NEE_Baseline,obs,0.143774,2021-04-01
US-xJR,2021,5,GRA,Arid,NEE_Baseline,obs,0.154873,2021-05-01
US-xJR,2021,6,GRA,Arid,NEE_Baseline,obs,0.413837,2021-06-01
US-xJR,2021,7,GRA,Arid,NEE_Baseline,obs,-1.00871,2021-07-01
US-xJR,2021,8,GRA,Arid,NEE_Baseline,obs,-0.767706,2021-08-01
US-xJR,2021,9,GRA,Arid,NEE_Baseline,obs,0.305491,2021-09-01
US-xJR,2021,10,GRA,Arid,NEE_Baseline,obs,0.036268,2021-10-01
US-xJR,2021,11,GRA,Arid,NEE_Baseline,obs,0.168595,2021-11-01
US-xJR,2021,12,GRA,Arid,NEE_Baseline,obs,0.151621,2021-12-01
US-xJR,2022,1,GRA,Arid,NEE_Baseline,obs,0.0842947,2022-01-01
US-xJR,2022,2,GRA,Arid,NEE_Baseline,obs,0.0795497,2022-02-01
US-xJR,2022,3,GRA,Arid,NEE_Baseline,obs,0.170105,2022-03-01
US-xJR,2022,4,GRA,Arid,NEE_Baseline,obs,0.147403,2022-04-01
US-xJR,2022,5,GRA,Arid,NEE_Baseline,obs,0.133487,2022-05-01
US-xJR,2022,6,GRA,Arid,NEE_Baseline,obs,0.667432,2022-06-01
US-xJR,2022,7,GRA,Arid,NEE_Baseline,obs,0.0322244,2022-07-01
US-xJR,2022,8,GRA,Arid,NEE_Baseline,obs,0.425939,2022-08-01
US-xJR,2022,9,GRA,Arid,NEE_Baseline,obs,-0.371734,2022-09-01
US-xJR,2022,10,GRA,Arid,NEE_Baseline,obs,0.00320308,2022-10-01
US-xJR,2022,11,GRA,Arid,NEE_Baseline,obs,-0.0753327,2022-11-01
US-xJR,2022,12,GRA,Arid,NEE_Baseline,obs,-0.0143626,2022-12-01
US-xJR,2023,1,GRA,Arid,NEE_Baseline,obs,-0.0389779,2023-01-01
US-xJR,2023,3,GRA,Arid,NEE_Baseline,obs,-0.0258718,2023-03-01
US-xJR,2023,4,GRA,Arid,NEE_Baseline,obs,0.0444637,2023-04-01
US-xJR,2023,5,GRA,Arid,NEE_Baseline,obs,0.086245,2023-05-01
US-xJR,2023,6,GRA,Arid,NEE_Baseline,obs,-0.0284168,2023-06-01
US-xJR,2023,7,GRA,Arid,NEE_Baseline,obs,0.493523,2023-07-01
US-xJR,2023,8,GRA,Arid,NEE_Baseline,obs,0.328742,2023-08-01
US-xJR,2023,9,GRA,Arid,NEE_Baseline,obs,0.340569,2023-09-01
US-xJR,2023,10,GRA,Arid,NEE_Baseline,obs,0.115406,2023-10-01
US-xJR,2023,11,GRA,Arid,NEE_Baseline,obs,0.129277,2023-11-01
US-xJR,2023,12,GRA,Arid,NEE_Baseline,obs,0.0823663,2023-12-01
US-xST,2019,1,DBF,Cold,NEE_Baseline,obs,0.382324,2019-01-01
US-xST,2019,2,DBF,Cold,NEE_Baseline,obs,0.447908,2019-02-01
US-xST,2019,3,DBF,Cold,NEE_Baseline,obs,0.517627,2019-03-01
US-xST,2019,4,DBF,Cold,NEE_Baseline,obs,0.360272,2019-04-01
US-xST,2019,5,DBF,Cold,NEE_Baseline,obs,0.203017,2019-05-01
US-xST,2019,6,DBF,Cold,NEE_Baseline,obs,-4.00712,2019-06-01
US-xST,2019,7,DBF,Cold,NEE_Baseline,obs,-4.54061,2019-07-01
US-xST,2019,8,DBF,Cold,NEE_Baseline,obs,-3.39821,2019-08-01
US-xST,2019,9,DBF,Cold,NEE_Baseline,obs,-0.16184,2019-09-01
US-xST,2019,10,DBF,Cold,NEE_Baseline,obs,1.16766,2019-10-01
US-xST,2019,11,DBF,Cold,NEE_Baseline,obs,0.689807,2019-11-01
US-xST,2019,12,DBF,Cold,NEE_Baseline,obs,0.667595,2019-12-01
US-xST,2020,1,DBF,Cold,NEE_Baseline,obs,0.577676,2020-01-01
US-xST,2020,2,DBF,Cold,NEE_Baseline,obs,0.546619,2020-02-01
US-xST,2020,3,DBF,Cold,NEE_Baseline,obs,0.54305,2020-03-01
US-xST,2020,4,DBF,Cold,NEE_Baseline,obs,0.59612,2020-04-01
US-xST,2020,5,DBF,Cold,NEE_Baseline,obs,0.226854,2020-05-01
US-xST,2020,6,DBF,Cold,NEE_Baseline,obs,-4.88394,2020-06-01
US-xST,2020,7,DBF,Cold,NEE_Baseline,obs,-4.8125,2020-07-01
US-xST,2020,8,DBF,Cold,NEE_Baseline,obs,-3.45173,2020-08-01
US-xST,2020,9,DBF,Cold,NEE_Baseline,obs,-0.812437,2020-09-01
US-xST,2020,10,DBF,Cold,NEE_Baseline,obs,1.54571,2020-10-01
US-xST,2020,11,DBF,Cold,NEE_Baseline,obs,0.929828,2020-11-01
US-xST,2020,12,DBF,Cold,NEE_Baseline,obs,0.47861,2020-12-01
US-xST,2021,1,DBF,Cold,NEE_Baseline,obs,0.368841,2021-01-01
US-xST,2021,2,DBF,Cold,NEE_Baseline,obs,0.356361,2021-02-01
US-xST,2021,3,DBF,Cold,NEE_Baseline,obs,0.479242,2021-03-01
US-xST,2021,4,DBF,Cold,NEE_Baseline,obs,0.0059344,2021-04-01
US-xST,2021,5,DBF,Cold,NEE_Baseline,obs,0.0639397,2021-05-01
US-xST,2021,12,DBF,Cold,NEE_Baseline,obs,0.554926,2021-12-01
US-xST,2022,1,DBF,Cold,NEE_Baseline,obs,0.41025,2022-01-01
US-xST,2022,2,DBF,Cold,NEE_Baseline,obs,0.393475,2022-02-01
US-xST,2022,3,DBF,Cold,NEE_Baseline,obs,0.448424,2022-03-01
US-xST,2022,4,DBF,Cold,NEE_Baseline,obs,0.228896,2022-04-01
US-xST,2022,5,DBF,Cold,NEE_Baseline,obs,0.393051,2022-05-01
US-xST,2022,6,DBF,Cold,NEE_Baseline,obs,-4.99847,2022-06-01
US-xST,2022,7,DBF,Cold,NEE_Baseline,obs,-5.59912,2022-07-01
US-xST,2022,8,DBF,Cold,NEE_Baseline,obs,-3.82213,2022-08-01
US-xST,2022,9,DBF,Cold,NEE_Baseline,obs,-2.13695,2022-09-01
US-xST,2022,10,DBF,Cold,NEE_Baseline,obs,1.02974,2022-10-01
US-xST,2022,11,DBF,Cold,NEE_Baseline,obs,1.0795,2022-11-01
US-xST,2022,12,DBF,Cold,NEE_Baseline,obs,0.562385,2022-12-01
US-xST,2023,1,DBF,Cold,NEE_Baseline,obs,0.55631,2023-01-01
US-xST,2023,2,DBF,Cold,NEE_Baseline,obs,0.59808,2023-02-01
US-xST,2023,3,DBF,Cold,NEE_Baseline,obs,0.516139,2023-03-01
US-xST,2023,4,DBF,Cold,NEE_Baseline,obs,0.351758,2023-04-01
US-xST,2023,5,DBF,Cold,NEE_Baseline,obs,-1.3837,2023-05-01
US-xST,2023,6,DBF,Cold,NEE_Baseline,obs,-5.65061,2023-06-01
US-xST,2023,7,DBF,Cold,NEE_Baseline,obs,-7.0702,2023-07-01
US-xST,2023,9,DBF,Cold,NEE_Baseline,obs,-1.3324,2023-09-01
US-xST,2023,10,DBF,Cold,NEE_Baseline,obs,1.17738,2023-10-01
US-xST,2023,11,DBF,Cold,NEE_Baseline,obs,0.965311,2023-11-01
US-xST,2023,12,DBF,Cold,NEE_Baseline,obs,0.697737,2023-12-01
US-xHA,2019,2,DBF,Cold,NEE_Baseline,obs,0.4078,2019-02-01
US-xHA,2019,3,DBF,Cold,NEE_Baseline,obs,0.608488,2019-03-01
US-xHA,2019,6,DBF,Cold,NEE_Baseline,obs,-4.81762,2019-06-01
US-xHA,2019,7,DBF,Cold,NEE_Baseline,obs,-6.31216,2019-07-01
US-xHA,2019,8,DBF,Cold,NEE_Baseline,obs,-4.72631,2019-08-01
US-xHA,2019,9,DBF,Cold,NEE_Baseline,obs,-3.70369,2019-09-01
US-xHA,2019,10,DBF,Cold,NEE_Baseline,obs,0.210822,2019-10-01
US-xHA,2019,11,DBF,Cold,NEE_Baseline,obs,2.72964,2019-11-01
US-xHA,2019,12,DBF,Cold,NEE_Baseline,obs,1.0226,2019-12-01
US-xHA,2020,1,DBF,Cold,NEE_Baseline,obs,1.44104,2020-01-01
US-xHA,2020,2,DBF,Cold,NEE_Baseline,obs,1.95984,2020-02-01
US-xHA,2020,7,DBF,Cold,NEE_Baseline,obs,-6.26949,2020-07-01
US-xHA,2020,8,DBF,Cold,NEE_Baseline,obs,-3.81292,2020-08-01
US-xHA,2020,9,DBF,Cold,NEE_Baseline,obs,-3.54641,2020-09-01
US-xHA,2020,10,DBF,Cold,NEE_Baseline,obs,0.125507,2020-10-01
US-xHA,2020,11,DBF,Cold,NEE_Baseline,obs,2.10814,2020-11-01
US-xHA,2020,12,DBF,Cold,NEE_Baseline,obs,0.996706,2020-12-01
US-xHA,2021,1,DBF,Cold,NEE_Baseline,obs,0.549244,2021-01-01
US-xHA,2021,2,DBF,Cold,NEE_Baseline,obs,0.623694,2021-02-01
US-xHA,2021,3,DBF,Cold,NEE_Baseline,obs,1.00571,2021-03-01
US-xHA,2021,4,DBF,Cold,NEE_Baseline,obs,0.863501,2021-04-01
US-xHA,2021,5,DBF,Cold,NEE_Baseline,obs,0.361469,2021-05-01
US-xHA,2021,6,DBF,Cold,NEE_Baseline,obs,-5.05061,2021-06-01
US-xHA,2021,7,DBF,Cold,NEE_Baseline,obs,-4.78188,2021-07-01
US-xHA,2021,8,DBF,Cold,NEE_Baseline,obs,-3.52074,2021-08-01
US-xHA,2021,9,DBF,Cold,NEE_Baseline,obs,-3.53367,2021-09-01
US-xHA,2021,10,DBF,Cold,NEE_Baseline,obs,-1.33021,2021-10-01
US-xHA,2021,11,DBF,Cold,NEE_Baseline,obs,1.22051,2021-11-01
US-xHA,2021,12,DBF,Cold,NEE_Baseline,obs,1.03632,2021-12-01
US-xHA,2022,1,DBF,Cold,NEE_Baseline,obs,0.688428,2022-01-01
US-xHA,2022,2,DBF,Cold,NEE_Baseline,obs,0.591768,2022-02-01
US-xHA,2022,3,DBF,Cold,NEE_Baseline,obs,0.776701,2022-03-01
US-xHA,2022,4,DBF,Cold,NEE_Baseline,obs,1.01313,2022-04-01
US-xHA,2022,5,DBF,Cold,NEE_Baseline,obs,0.800151,2022-05-01
US-xHA,2022,6,DBF,Cold,NEE_Baseline,obs,-6.4165,2022-06-01
US-xHA,2022,7,DBF,Cold,NEE_Baseline,obs,-6.12662,2022-07-01
US-xHA,2022,8,DBF,Cold,NEE_Baseline,obs,-5.44302,2022-08-01
US-xHA,2022,9,DBF,Cold,NEE_Baseline,obs,-3.12055,2022-09-01
US-xHA,2022,10,DBF,Cold,NEE_Baseline,obs,-0.474081,2022-10-01
US-xHA,2022,11,DBF,Cold,NEE_Baseline,obs,1.77943,2022-11-01
US-xHA,2022,12,DBF,Cold,NEE_Baseline,obs,0.942507,2022-12-01
US-xHA,2023,1,DBF,Cold,NEE_Baseline,obs,0.683037,2023-01-01
US-xHA,2023,2,DBF,Cold,NEE_Baseline,obs,0.796276,2023-02-01
US-xHA,2023,3,DBF,Cold,NEE_Baseline,obs,0.740018,2023-03-01
US-xHA,2023,4,DBF,Cold,NEE_Baseline,obs,1.35598,2023-04-01
US-xHA,2023,5,DBF,Cold,NEE_Baseline,obs,-0.45783,2023-05-01
US-xHA,2023,6,DBF,Cold,NEE_Baseline,obs,-5.23304,2023-06-01
US-xHA,2023,7,DBF,Cold,NEE_Baseline,obs,-4.77304,2023-07-01
US-xHA,2023,8,DBF,Cold,NEE_Baseline,obs,-4.44629,2023-08-01
US-xHA,2023,9,DBF,Cold,NEE_Baseline,obs,-2.60788,2023-09-01
US-xHA,2023,10,DBF,Cold,NEE_Baseline,obs,-0.399595,2023-10-01
US-xHA,2023,11,DBF,Cold,NEE_Baseline,obs,1.25303,2023-11-01
US-xHA,2023,12,DBF,Cold,NEE_Baseline,obs,1.05545,2023-12-01
US-xSL,2019,2,GRA,Arid,NEE_Baseline,obs,0.259549,2019-02-01
US-xSL,2019,4,GRA,Arid,NEE_Baseline,obs,0.596476,2019-04-01
US-xSL,2019,5,GRA,Arid,NEE_Baseline,obs,0.999077,2019-05-01
US-xSL,2019,6,GRA,Arid,NEE_Baseline,obs,1.13757,2019-06-01
US-xSL,2019,7,GRA,Arid,NEE_Baseline,obs,-1.37313,2019-07-01
US-xSL,2019,9,GRA,Arid,NEE_Baseline,obs,0.566251,2019-09-01
US-xSL,2019,10,GRA,Arid,NEE_Baseline,obs,0.424897,2019-10-01
US-xSL,2019,11,GRA,Arid,NEE_Baseline,obs,0.475284,2019-11-01
US-xSL,2019,12,GRA,Arid,NEE_Baseline,obs,0.462122,2019-12-01
US-xSL,2020,1,GRA,Arid,NEE_Baseline,obs,0.448642,2020-01-01
US-xSL,2020,2,GRA,Arid,NEE_Baseline,obs,0.392019,2020-02-01
US-xSL,2020,3,GRA,Arid,NEE_Baseline,obs,0.661079,2020-03-01
US-xSL,2020,4,GRA,Arid,NEE_Baseline,obs,0.86265,2020-04-01
US-xSL,2020,5,GRA,Arid,NEE_Baseline,obs,0.817747,2020-05-01
US-xSL,2020,10,GRA,Arid,NEE_Baseline,obs,0.224051,2020-10-01
US-xSL,2020,12,GRA,Arid,NEE_Baseline,obs,0.280324,2020-12-01
US-xSL,2021,3,GRA,Arid,NEE_Baseline,obs,0.298626,2021-03-01
US-xSL,2021,4,GRA,Arid,NEE_Baseline,obs,0.195663,2021-04-01
US-xSL,2021,6,GRA,Arid,NEE_Baseline,obs,-2.06544,2021-06-01
US-xSL,2021,7,GRA,Arid,NEE_Baseline,obs,0.072911,2021-07-01
US-xSL,2021,8,GRA,Arid,NEE_Baseline,obs,0.404483,2021-08-01
US-xSL,2021,9,GRA,Arid,NEE_Baseline,obs,0.67865,2021-09-01
US-xSL,2021,10,GRA,Arid,NEE_Baseline,obs,0.255874,2021-10-01
US-xSL,2021,11,GRA,Arid,NEE_Baseline,obs,0.202115,2021-11-01
US-xSL,2021,12,GRA,Arid,NEE_Baseline,obs,0.167696,2021-12-01
US-xSL,2022,1,GRA,Arid,NEE_Baseline,obs,0.167553,2022-01-01
US-xSL,2022,2,GRA,Arid,NEE_Baseline,obs,0.342055,2022-02-01
US-xSL,2022,3,GRA,Arid,NEE_Baseline,obs,0.343441,2022-03-01
US-xSL,2022,4,GRA,Arid,NEE_Baseline,obs,0.253673,2022-04-01
US-xSL,2022,5,GRA,Arid,NEE_Baseline,obs,0.392982,2022-05-01
US-xSL,2022,6,GRA,Arid,NEE_Baseline,obs,0.404388,2022-06-01
US-xSL,2022,7,GRA,Arid,NEE_Baseline,obs,-0.598977,2022-07-01
US-xSL,2022,8,GRA,Arid,NEE_Baseline,obs,-0.86739,2022-08-01
US-xSL,2022,9,GRA,Arid,NEE_Baseline,obs,0.678242,2022-09-01
US-xSL,2022,10,GRA,Arid,NEE_Baseline,obs,0.551834,2022-10-01
US-xSL,2022,11,GRA,Arid,NEE_Baseline,obs,0.189369,2022-11-01
US-xSL,2023,1,GRA,Arid,NEE_Baseline,obs,0.616454,2023-01-01
US-xSL,2023,2,GRA,Arid,NEE_Baseline,obs,0.440226,2023-02-01
US-xSL,2023,3,GRA,Arid,NEE_Baseline,obs,0.409763,2023-03-01
US-xSL,2023,4,GRA,Arid,NEE_Baseline,obs,0.43254,2023-04-01
US-xSL,2023,8,GRA,Arid,NEE_Baseline,obs,1.01323,2023-08-01
US-xSL,2023,9,GRA,Arid,NEE_Baseline,obs,0.98814,2023-09-01
US-xSL,2023,10,GRA,Arid,NEE_Baseline,obs,0.533902,2023-10-01
US-xSL,2023,11,GRA,Arid,NEE_Baseline,obs,0.110353,2023-11-01
US-xSL,2023,12,GRA,Arid,NEE_Baseline,obs,0.174978,2023-12-01
US-xTR,2019,1,DBF,Cold,NEE_Baseline,obs,0.227142,2019-01-01
US-xTR,2019,2,DBF,Cold,NEE_Baseline,obs,0.251809,2019-02-01
US-xTR,2019,3,DBF,Cold,NEE_Baseline,obs,0.531825,2019-03-01
US-xTR,2019,4,DBF,Cold,NEE_Baseline,obs,0.380589,2019-04-01
US-xTR,2019,5,DBF,Cold,NEE_Baseline,obs,0.10112,2019-05-01
US-xTR,2019,6,DBF,Cold,NEE_Baseline,obs,-4.45047,2019-06-01
US-xTR,2019,7,DBF,Cold,NEE_Baseline,obs,-2.83562,2019-07-01
US-xTR,2019,8,DBF,Cold,NEE_Baseline,obs,-2.74103,2019-08-01
US-xTR,2019,9,DBF,Cold,NEE_Baseline,obs,-1.61622,2019-09-01
US-xTR,2019,10,DBF,Cold,NEE_Baseline,obs,1.1032,2019-10-01
US-xTR,2019,11,DBF,Cold,NEE_Baseline,obs,0.747244,2019-11-01
US-xTR,2019,12,DBF,Cold,NEE_Baseline,obs,0.646238,2019-12-01
US-xTR,2020,1,DBF,Cold,NEE_Baseline,obs,0.577039,2020-01-01
US-xTR,2020,2,DBF,Cold,NEE_Baseline,obs,0.575078,2020-02-01
US-xTR,2020,3,DBF,Cold,NEE_Baseline,obs,0.641093,2020-03-01
US-xTR,2020,4,DBF,Cold,NEE_Baseline,obs,0.501609,2020-04-01
US-xTR,2020,5,DBF,Cold,NEE_Baseline,obs,-0.25126,2020-05-01
US-xTR,2020,6,DBF,Cold,NEE_Baseline,obs,-4.7844,2020-06-01
US-xTR,2020,7,DBF,Cold,NEE_Baseline,obs,-4.35837,2020-07-01
US-xTR,2020,8,DBF,Cold,NEE_Baseline,obs,-2.46518,2020-08-01
US-xTR,2020,9,DBF,Cold,NEE_Baseline,obs,-0.191476,2020-09-01
US-xTR,2021,1,DBF,Cold,NEE_Baseline,obs,0.292652,2021-01-01
US-xTR,2021,2,DBF,Cold,NEE_Baseline,obs,0.270647,2021-02-01
US-xTR,2021,3,DBF,Cold,NEE_Baseline,obs,0.621355,2021-03-01
US-xTR,2021,4,DBF,Cold,NEE_Baseline,obs,0.529371,2021-04-01
US-xTR,2021,5,DBF,Cold,NEE_Baseline,obs,-0.0696666,2021-05-01
US-xTR,2021,6,DBF,Cold,NEE_Baseline,obs,-3.27407,2021-06-01
US-xTR,2021,7,DBF,Cold,NEE_Baseline,obs,-3.5165,2021-07-01
US-xTR,2021,8,DBF,Cold,NEE_Baseline,obs,-1.41011,2021-08-01
US-xTR,2021,9,DBF,Cold,NEE_Baseline,obs,-1.08195,2021-09-01
US-xTR,2021,10,DBF,Cold,NEE_Baseline,obs,1.93075,2021-10-01
US-xTR,2021,11,DBF,Cold,NEE_Baseline,obs,0.868787,2021-11-01
US-xTR,2021,12,DBF,Cold,NEE_Baseline,obs,0.53868,2021-12-01
US-xTR,2022,1,DBF,Cold,NEE_Baseline,obs,0.348639,2022-01-01
US-xTR,2022,2,DBF,Cold,NEE_Baseline,obs,0.267547,2022-02-01
US-xTR,2022,3,DBF,Cold,NEE_Baseline,obs,0.436687,2022-03-01
US-xTR,2022,4,DBF,Cold,NEE_Baseline,obs,0.425686,2022-04-01
US-xTR,2022,5,DBF,Cold,NEE_Baseline,obs,0.411263,2022-05-01
US-xTR,2022,6,DBF,Cold,NEE_Baseline,obs,-4.21298,2022-06-01
US-xTR,2022,7,DBF,Cold,NEE_Baseline,obs,-3.7699,2022-07-01
US-xTR,2022,8,DBF,Cold,NEE_Baseline,obs,-3.12631,2022-08-01
US-xTR,2022,9,DBF,Cold,NEE_Baseline,obs,-1.5753,2022-09-01
US-xTR,2022,10,DBF,Cold,NEE_Baseline,obs,1.0449,2022-10-01
US-xTR,2022,11,DBF,Cold,NEE_Baseline,obs,1.02733,2022-11-01
US-xTR,2022,12,DBF,Cold,NEE_Baseline,obs,1.13317,2022-12-01
US-xTR,2023,1,DBF,Cold,NEE_Baseline,obs,0.707304,2023-01-01
US-xTR,2023,2,DBF,Cold,NEE_Baseline,obs,0.442874,2023-02-01
US-xTR,2023,3,DBF,Cold,NEE_Baseline,obs,0.553776,2023-03-01
US-xTR,2023,4,DBF,Cold,NEE_Baseline,obs,0.45288,2023-04-01
US-xTR,2023,5,DBF,Cold,NEE_Baseline,obs,-1.37326,2023-05-01
US-xTR,2023,6,DBF,Cold,NEE_Baseline,obs,-5.24841,2023-06-01
US-xTR,2023,7,DBF,Cold,NEE_Baseline,obs,-4.34198,2023-07-01
US-xTR,2023,8,DBF,Cold,NEE_Baseline,obs,-3.84233,2023-08-01
US-xTR,2023,9,DBF,Cold,NEE_Baseline,obs,-0.909356,2023-09-01
US-xTR,2023,11,DBF,Cold,NEE_Baseline,obs,0.995604,2023-11-01
US-xTR,2023,12,DBF,Cold,NEE_Baseline,obs,0.659394,2023-12-01
US-xJR,2019,1,GRA,Arid,GPP_Baseline,pred,0.38590672612190247,2019-01-01
US-xJR,2019,2,GRA,Arid,GPP_Baseline,pred,0.37855973839759827,2019-02-01
US-xJR,2019,3,GRA,Arid,GPP_Baseline,pred,0.49121180176734924,2019-03-01
US-xJR,2019,4,GRA,Arid,GPP_Baseline,pred,0.5426924228668213,2019-04-01
US-xJR,2019,6,GRA,Arid,GPP_Baseline,pred,0.6930160522460938,2019-06-01
US-xJR,2019,7,GRA,Arid,GPP_Baseline,pred,0.5769155621528625,2019-07-01
US-xJR,2019,8,GRA,Arid,GPP_Baseline,pred,0.6223096251487732,2019-08-01
US-xJR,2019,9,GRA,Arid,GPP_Baseline,pred,0.8924853205680847,2019-09-01
US-xJR,2019,10,GRA,Arid,GPP_Baseline,pred,0.7413687705993652,2019-10-01
US-xJR,2019,12,GRA,Arid,GPP_Baseline,pred,0.40804651379585266,2019-12-01
US-xJR,2020,1,GRA,Arid,GPP_Baseline,pred,0.40640875697135925,2020-01-01
US-xJR,2020,2,GRA,Arid,GPP_Baseline,pred,0.3265027701854706,2020-02-01
US-xJR,2020,3,GRA,Arid,GPP_Baseline,pred,0.5331282615661621,2020-03-01
US-xJR,2020,4,GRA,Arid,GPP_Baseline,pred,0.7534748911857605,2020-04-01
US-xJR,2020,5,GRA,Arid,GPP_Baseline,pred,1.0360612869262695,2020-05-01
US-xJR,2020,6,GRA,Arid,GPP_Baseline,pred,0.6544378995895386,2020-06-01
US-xJR,2020,7,GRA,Arid,GPP_Baseline,pred,0.6895332336425781,2020-07-01
US-xJR,2020,8,GRA,Arid,GPP_Baseline,pred,0.8022119998931885,2020-08-01
US-xJR,2020,9,GRA,Arid,GPP_Baseline,pred,0.5913792848587036,2020-09-01
US-xJR,2020,10,GRA,Arid,GPP_Baseline,pred,0.4844549596309662,2020-10-01
US-xJR,2020,11,GRA,Arid,GPP_Baseline,pred,0.35851022601127625,2020-11-01
US-xJR,2020,12,GRA,Arid,GPP_Baseline,pred,0.27197614312171936,2020-12-01
US-xJR,2021,2,GRA,Arid,GPP_Baseline,pred,0.3031294047832489,2021-02-01
US-xJR,2021,3,GRA,Arid,GPP_Baseline,pred,0.4388441741466522,2021-03-01
US-xJR,2021,4,GRA,Arid,GPP_Baseline,pred,0.4898955821990967,2021-04-01
US-xJR,2021,5,GRA,Arid,GPP_Baseline,pred,0.5125994086265564,2021-05-01
US-xJR,2021,6,GRA,Arid,GPP_Baseline,pred,0.6413215398788452,2021-06-01
US-xJR,2021,7,GRA,Arid,GPP_Baseline,pred,1.9438506364822388,2021-07-01
US-xJR,2021,8,GRA,Arid,GPP_Baseline,pred,2.7813608646392822,2021-08-01
US-xJR,2021,9,GRA,Arid,GPP_Baseline,pred,1.5383095741271973,2021-09-01
US-xJR,2021,10,GRA,Arid,GPP_Baseline,pred,0.6272644400596619,2021-10-01
US-xJR,2021,11,GRA,Arid,GPP_Baseline,pred,0.4241738021373749,2021-11-01
US-xJR,2021,12,GRA,Arid,GPP_Baseline,pred,0.3439042270183563,2021-12-01
US-xJR,2022,1,GRA,Arid,GPP_Baseline,pred,0.3707142770290375,2022-01-01
US-xJR,2022,2,GRA,Arid,GPP_Baseline,pred,0.3178836405277252,2022-02-01
US-xJR,2022,3,GRA,Arid,GPP_Baseline,pred,0.45413464307785034,2022-03-01
US-xJR,2022,4,GRA,Arid,GPP_Baseline,pred,0.48041003942489624,2022-04-01
US-xJR,2022,5,GRA,Arid,GPP_Baseline,pred,0.5193068981170654,2022-05-01
US-xJR,2022,6,GRA,Arid,GPP_Baseline,pred,0.6398677825927734,2022-06-01
US-xJR,2022,7,GRA,Arid,GPP_Baseline,pred,0.6860150098800659,2022-07-01
US-xJR,2022,8,GRA,Arid,GPP_Baseline,pred,0.7555864453315735,2022-08-01
US-xJR,2022,9,GRA,Arid,GPP_Baseline,pred,1.1694632768630981,2022-09-01
US-xJR,2022,10,GRA,Arid,GPP_Baseline,pred,0.547436535358429,2022-10-01
US-xJR,2022,11,GRA,Arid,GPP_Baseline,pred,0.35993263125419617,2022-11-01
US-xJR,2022,12,GRA,Arid,GPP_Baseline,pred,0.40804651379585266,2022-12-01
US-xJR,2023,1,GRA,Arid,GPP_Baseline,pred,0.3651061952114105,2023-01-01
US-xJR,2023,3,GRA,Arid,GPP_Baseline,pred,0.4665919244289398,2023-03-01
US-xJR,2023,4,GRA,Arid,GPP_Baseline,pred,0.4745064675807953,2023-04-01
US-xJR,2023,5,GRA,Arid,GPP_Baseline,pred,0.5326116681098938,2023-05-01
US-xJR,2023,6,GRA,Arid,GPP_Baseline,pred,0.5833227038383484,2023-06-01
US-xJR,2023,7,GRA,Arid,GPP_Baseline,pred,0.5856584310531616,2023-07-01
US-xJR,2023,8,GRA,Arid,GPP_Baseline,pred,0.6022717952728271,2023-08-01
US-xJR,2023,9,GRA,Arid,GPP_Baseline,pred,0.5389609932899475,2023-09-01
US-xJR,2023,10,GRA,Arid,GPP_Baseline,pred,0.4765436351299286,2023-10-01
US-xJR,2023,11,GRA,Arid,GPP_Baseline,pred,0.30619993805885315,2023-11-01
US-xJR,2023,12,GRA,Arid,GPP_Baseline,pred,0.28337839245796204,2023-12-01
US-xST,2019,1,DBF,Cold,GPP_Baseline,pred,0.005685865879058838,2019-01-01
US-xST,2019,2,DBF,Cold,GPP_Baseline,pred,-0.039011016488075256,2019-02-01
US-xST,2019,3,DBF,Cold,GPP_Baseline,pred,-0.04931711405515671,2019-03-01
US-xST,2019,4,DBF,Cold,GPP_Baseline,pred,0.7175365090370178,2019-04-01
US-xST,2019,5,DBF,Cold,GPP_Baseline,pred,2.9415664672851562,2019-05-01
US-xST,2019,6,DBF,Cold,GPP_Baseline,pred,9.964354515075684,2019-06-01
US-xST,2019,7,DBF,Cold,GPP_Baseline,pred,11.291402816772461,2019-07-01
US-xST,2019,8,DBF,Cold,GPP_Baseline,pred,9.255453109741211,2019-08-01
US-xST,2019,9,DBF,Cold,GPP_Baseline,pred,5.558433532714844,2019-09-01
US-xST,2019,10,DBF,Cold,GPP_Baseline,pred,1.2273749113082886,2019-10-01
US-xST,2019,11,DBF,Cold,GPP_Baseline,pred,0.1463312953710556,2019-11-01
US-xST,2019,12,DBF,Cold,GPP_Baseline,pred,-0.02538250759243965,2019-12-01
US-xST,2020,1,DBF,Cold,GPP_Baseline,pred,-0.05573112517595291,2020-01-01
US-xST,2020,2,DBF,Cold,GPP_Baseline,pred,-0.03820594772696495,2020-02-01
US-xST,2020,3,DBF,Cold,GPP_Baseline,pred,0.07175511866807938,2020-03-01
US-xST,2020,4,DBF,Cold,GPP_Baseline,pred,1.0262045860290527,2020-04-01
US-xST,2020,5,DBF,Cold,GPP_Baseline,pred,4.010282039642334,2020-05-01
US-xST,2020,6,DBF,Cold,GPP_Baseline,pred,11.063558578491211,2020-06-01
US-xST,2020,7,DBF,Cold,GPP_Baseline,pred,11.304977416992188,2020-07-01
US-xST,2020,8,DBF,Cold,GPP_Baseline,pred,9.716732025146484,2020-08-01
US-xST,2020,9,DBF,Cold,GPP_Baseline,pred,4.857494354248047,2020-09-01
US-xST,2020,10,DBF,Cold,GPP_Baseline,pred,0.8609793186187744,2020-10-01
US-xST,2020,11,DBF,Cold,GPP_Baseline,pred,0.5262085795402527,2020-11-01
US-xST,2020,12,DBF,Cold,GPP_Baseline,pred,0.06571700423955917,2020-12-01
US-xST,2021,1,DBF,Cold,GPP_Baseline,pred,-0.05778589844703674,2021-01-01
US-xST,2021,2,DBF,Cold,GPP_Baseline,pred,-0.045012641698122025,2021-02-01
US-xST,2021,3,DBF,Cold,GPP_Baseline,pred,0.44228729605674744,2021-03-01
US-xST,2021,4,DBF,Cold,GPP_Baseline,pred,1.2348779439926147,2021-04-01
US-xST,2021,5,DBF,Cold,GPP_Baseline,pred,4.243201732635498,2021-05-01
US-xST,2021,12,DBF,Cold,GPP_Baseline,pred,-0.0060339514166116714,2021-12-01
US-xST,2022,1,DBF,Cold,GPP_Baseline,pred,0.03365417569875717,2022-01-01
US-xST,2022,2,DBF,Cold,GPP_Baseline,pred,-0.06857001781463623,2022-02-01
US-xST,2022,3,DBF,Cold,GPP_Baseline,pred,0.15255650877952576,2022-03-01
US-xST,2022,4,DBF,Cold,GPP_Baseline,pred,1.1952155828475952,2022-04-01
US-xST,2022,5,DBF,Cold,GPP_Baseline,pred,4.245469570159912,2022-05-01
US-xST,2022,6,DBF,Cold,GPP_Baseline,pred,11.057572364807129,2022-06-01
US-xST,2022,7,DBF,Cold,GPP_Baseline,pred,10.894509315490723,2022-07-01
US-xST,2022,8,DBF,Cold,GPP_Baseline,pred,9.083949089050293,2022-08-01
US-xST,2022,9,DBF,Cold,GPP_Baseline,pred,6.196944713592529,2022-09-01
US-xST,2022,10,DBF,Cold,GPP_Baseline,pred,1.4076844453811646,2022-10-01
US-xST,2022,11,DBF,Cold,GPP_Baseline,pred,0.3031734526157379,2022-11-01
US-xST,2022,12,DBF,Cold,GPP_Baseline,pred,-0.01822682097554207,2022-12-01
US-xST,2023,1,DBF,Cold,GPP_Baseline,pred,-0.04587292671203613,2023-01-01
US-xST,2023,2,DBF,Cold,GPP_Baseline,pred,0.0017477944493293762,2023-02-01
US-xST,2023,3,DBF,Cold,GPP_Baseline,pred,-0.03044341504573822,2023-03-01
US-xST,2023,4,DBF,Cold,GPP_Baseline,pred,0.90555739402771,2023-04-01
US-xST,2023,5,DBF,Cold,GPP_Baseline,pred,4.950039863586426,2023-05-01
US-xST,2023,6,DBF,Cold,GPP_Baseline,pred,11.180241584777832,2023-06-01
US-xST,2023,7,DBF,Cold,GPP_Baseline,pred,11.075282096862793,2023-07-01
US-xST,2023,9,DBF,Cold,GPP_Baseline,pred,5.558567047119141,2023-09-01
US-xST,2023,10,DBF,Cold,GPP_Baseline,pred,1.42880117893219,2023-10-01
US-xST,2023,11,DBF,Cold,GPP_Baseline,pred,0.2268831431865692,2023-11-01
US-xST,2023,12,DBF,Cold,GPP_Baseline,pred,0.060816969722509384,2023-12-01
US-xHA,2019,2,DBF,Cold,GPP_Baseline,pred,0.22736766934394836,2019-02-01
US-xHA,2019,3,DBF,Cold,GPP_Baseline,pred,0.7535999417304993,2019-03-01
US-xHA,2019,6,DBF,Cold,GPP_Baseline,pred,10.924138069152832,2019-06-01
US-xHA,2019,7,DBF,Cold,GPP_Baseline,pred,12.444465637207031,2019-07-01
US-xHA,2019,8,DBF,Cold,GPP_Baseline,pred,10.91537857055664,2019-08-01
US-xHA,2019,9,DBF,Cold,GPP_Baseline,pred,8.076010704040527,2019-09-01
US-xHA,2019,10,DBF,Cold,GPP_Baseline,pred,2.6012725830078125,2019-10-01
US-xHA,2019,11,DBF,Cold,GPP_Baseline,pred,0.3939053416252136,2019-11-01
US-xHA,2019,12,DBF,Cold,GPP_Baseline,pred,0.14679934084415436,2019-12-01
US-xHA,2020,1,DBF,Cold,GPP_Baseline,pred,0.10629814118146896,2020-01-01
US-xHA,2020,2,DBF,Cold,GPP_Baseline,pred,0.22588586807250977,2020-02-01
US-xHA,2020,7,DBF,Cold,GPP_Baseline,pred,11.467458724975586,2020-07-01
US-xHA,2020,8,DBF,Cold,GPP_Baseline,pred,10.780860900878906,2020-08-01
US-xHA,2020,9,DBF,Cold,GPP_Baseline,pred,8.007678031921387,2020-09-01
US-xHA,2020,10,DBF,Cold,GPP_Baseline,pred,2.668090343475342,2020-10-01
US-xHA,2020,11,DBF,Cold,GPP_Baseline,pred,0.8902576565742493,2020-11-01
US-xHA,2020,12,DBF,Cold,GPP_Baseline,pred,0.2691345810890198,2020-12-01
US-xHA,2021,1,DBF,Cold,GPP_Baseline,pred,0.07735288888216019,2021-01-01
US-xHA,2021,2,DBF,Cold,GPP_Baseline,pred,0.08479532599449158,2021-02-01
US-xHA,2021,3,DBF,Cold,GPP_Baseline,pred,1.0602635145187378,2021-03-01
US-xHA,2021,4,DBF,Cold,GPP_Baseline,pred,1.6495674848556519,2021-04-01
US-xHA,2021,5,DBF,Cold,GPP_Baseline,pred,5.970773220062256,2021-05-01
US-xHA,2021,6,DBF,Cold,GPP_Baseline,pred,11.649157524108887,2021-06-01
US-xHA,2021,7,DBF,Cold,GPP_Baseline,pred,9.96634292602539,2021-07-01
US-xHA,2021,8,DBF,Cold,GPP_Baseline,pred,9.189737319946289,2021-08-01
US-xHA,2021,9,DBF,Cold,GPP_Baseline,pred,7.3672332763671875,2021-09-01
US-xHA,2021,10,DBF,Cold,GPP_Baseline,pred,3.4577343463897705,2021-10-01
US-xHA,2021,11,DBF,Cold,GPP_Baseline,pred,0.631397008895874,2021-11-01
US-xHA,2021,12,DBF,Cold,GPP_Baseline,pred,0.27779361605644226,2021-12-01
US-xHA,2022,1,DBF,Cold,GPP_Baseline,pred,0.0972655713558197,2022-01-01
US-xHA,2022,2,DBF,Cold,GPP_Baseline,pred,0.14638812839984894,2022-02-01
US-xHA,2022,3,DBF,Cold,GPP_Baseline,pred,1.0606777667999268,2022-03-01
US-xHA,2022,4,DBF,Cold,GPP_Baseline,pred,1.5384557247161865,2022-04-01
US-xHA,2022,5,DBF,Cold,GPP_Baseline,pred,5.315986633300781,2022-05-01
US-xHA,2022,6,DBF,Cold,GPP_Baseline,pred,11.53821849822998,2022-06-01
US-xHA,2022,7,DBF,Cold,GPP_Baseline,pred,12.360958099365234,2022-07-01
US-xHA,2022,8,DBF,Cold,GPP_Baseline,pred,11.190741539001465,2022-08-01
US-xHA,2022,9,DBF,Cold,GPP_Baseline,pred,8.709612846374512,2022-09-01
US-xHA,2022,10,DBF,Cold,GPP_Baseline,pred,3.3814778327941895,2022-10-01
US-xHA,2022,11,DBF,Cold,GPP_Baseline,pred,0.5988866686820984,2022-11-01
US-xHA,2022,12,DBF,Cold,GPP_Baseline,pred,0.18839652836322784,2022-12-01
US-xHA,2023,1,DBF,Cold,GPP_Baseline,pred,0.23831361532211304,2023-01-01
US-xHA,2023,2,DBF,Cold,GPP_Baseline,pred,0.22976888716220856,2023-02-01
US-xHA,2023,3,DBF,Cold,GPP_Baseline,pred,0.6248403787612915,2023-03-01
US-xHA,2023,4,DBF,Cold,GPP_Baseline,pred,1.304090976715088,2023-04-01
US-xHA,2023,5,DBF,Cold,GPP_Baseline,pred,7.331489086151123,2023-05-01
US-xHA,2023,6,DBF,Cold,GPP_Baseline,pred,10.635714530944824,2023-06-01
US-xHA,2023,7,DBF,Cold,GPP_Baseline,pred,10.992615699768066,2023-07-01
US-xHA,2023,8,DBF,Cold,GPP_Baseline,pred,9.178849220275879,2023-08-01
US-xHA,2023,9,DBF,Cold,GPP_Baseline,pred,7.4050397872924805,2023-09-01
US-xHA,2023,10,DBF,Cold,GPP_Baseline,pred,3.5996956825256348,2023-10-01
US-xHA,2023,11,DBF,Cold,GPP_Baseline,pred,0.31116783618927,2023-11-01
US-xHA,2023,12,DBF,Cold,GPP_Baseline,pred,0.32674142718315125,2023-12-01
US-xSL,2019,2,GRA,Arid,GPP_Baseline,pred,0.14303554594516754,2019-02-01
US-xSL,2019,4,GRA,Arid,GPP_Baseline,pred,0.6470918655395508,2019-04-01
US-xSL,2019,5,GRA,Arid,GPP_Baseline,pred,0.9853261113166809,2019-05-01
US-xSL,2019,6,GRA,Arid,GPP_Baseline,pred,1.7389696836471558,2019-06-01
US-xSL,2019,7,GRA,Arid,GPP_Baseline,pred,6.3236846923828125,2019-07-01
US-xSL,2019,9,GRA,Arid,GPP_Baseline,pred,1.4957935810089111,2019-09-01
US-xSL,2019,10,GRA,Arid,GPP_Baseline,pred,0.4047413468360901,2019-10-01
US-xSL,2019,11,GRA,Arid,GPP_Baseline,pred,0.2697535753250122,2019-11-01
US-xSL,2019,12,GRA,Arid,GPP_Baseline,pred,0.15954093635082245,2019-12-01
US-xSL,2020,1,GRA,Arid,GPP_Baseline,pred,0.15456479787826538,2020-01-01
US-xSL,2020,2,GRA,Arid,GPP_Baseline,pred,0.15654045343399048,2020-02-01
US-xSL,2020,3,GRA,Arid,GPP_Baseline,pred,0.3341241180896759,2020-03-01
US-xSL,2020,4,GRA,Arid,GPP_Baseline,pred,0.7606649398803711,2020-04-01
US-xSL,2020,5,GRA,Arid,GPP_Baseline,pred,1.6214227676391602,2020-05-01
US-xSL,2020,10,GRA,Arid,GPP_Baseline,pred,0.352434366941452,2020-10-01
US-xSL,2020,12,GRA,Arid,GPP_Baseline,pred,0.17299984395503998,2020-12-01
US-xSL,2021,3,GRA,Arid,GPP_Baseline,pred,0.5455809831619263,2021-03-01
US-xSL,2021,4,GRA,Arid,GPP_Baseline,pred,1.0983144044876099,2021-04-01
US-xSL,2021,6,GRA,Arid,GPP_Baseline,pred,4.470256328582764,2021-06-01
US-xSL,2021,7,GRA,Arid,GPP_Baseline,pred,3.3756093978881836,2021-07-01
US-xSL,2021,8,GRA,Arid,GPP_Baseline,pred,2.7507057189941406,2021-08-01
US-xSL,2021,9,GRA,Arid,GPP_Baseline,pred,0.9332321882247925,2021-09-01
US-xSL,2021,10,GRA,Arid,GPP_Baseline,pred,0.43982505798339844,2021-10-01
US-xSL,2021,11,GRA,Arid,GPP_Baseline,pred,0.2587909996509552,2021-11-01
US-xSL,2021,12,GRA,Arid,GPP_Baseline,pred,0.19016066193580627,2021-12-01
US-xSL,2022,1,GRA,Arid,GPP_Baseline,pred,0.14698651432991028,2022-01-01
US-xSL,2022,2,GRA,Arid,GPP_Baseline,pred,0.1598336547613144,2022-02-01
US-xSL,2022,3,GRA,Arid,GPP_Baseline,pred,0.47115397453308105,2022-03-01
US-xSL,2022,4,GRA,Arid,GPP_Baseline,pred,0.6836161613464355,2022-04-01
US-xSL,2022,5,GRA,Arid,GPP_Baseline,pred,1.0725016593933105,2022-05-01
US-xSL,2022,6,GRA,Arid,GPP_Baseline,pred,1.4459843635559082,2022-06-01
US-xSL,2022,7,GRA,Arid,GPP_Baseline,pred,2.18131422996521,2022-07-01
US-xSL,2022,8,GRA,Arid,GPP_Baseline,pred,2.9092319011688232,2022-08-01
US-xSL,2022,9,GRA,Arid,GPP_Baseline,pred,1.0139765739440918,2022-09-01
US-xSL,2022,10,GRA,Arid,GPP_Baseline,pred,0.5230458974838257,2022-10-01
US-xSL,2022,11,GRA,Arid,GPP_Baseline,pred,0.3503965735435486,2022-11-01
US-xSL,2023,1,GRA,Arid,GPP_Baseline,pred,0.14276236295700073,2023-01-01
US-xSL,2023,2,GRA,Arid,GPP_Baseline,pred,0.1798451989889145,2023-02-01
US-xSL,2023,3,GRA,Arid,GPP_Baseline,pred,0.5780019164085388,2023-03-01
US-xSL,2023,4,GRA,Arid,GPP_Baseline,pred,1.024614691734314,2023-04-01
US-xSL,2023,8,GRA,Arid,GPP_Baseline,pred,2.28362774848938,2023-08-01
US-xSL,2023,9,GRA,Arid,GPP_Baseline,pred,1.0888606309890747,2023-09-01
US-xSL,2023,10,GRA,Arid,GPP_Baseline,pred,0.3441864550113678,2023-10-01
US-xSL,2023,11,GRA,Arid,GPP_Baseline,pred,0.2617979943752289,2023-11-01
US-xSL,2023,12,GRA,Arid,GPP_Baseline,pred,0.18878082931041718,2023-12-01
US-xTR,2019,1,DBF,Cold,GPP_Baseline,pred,0.004634218290448189,2019-01-01
US-xTR,2019,2,DBF,Cold,GPP_Baseline,pred,-0.01036781258881092,2019-02-01
US-xTR,2019,3,DBF,Cold,GPP_Baseline,pred,0.024429967626929283,2019-03-01
US-xTR,2019,4,DBF,Cold,GPP_Baseline,pred,0.888973593711853,2019-04-01
US-xTR,2019,5,DBF,Cold,GPP_Baseline,pred,2.9152395725250244,2019-05-01
US-xTR,2019,6,DBF,Cold,GPP_Baseline,pred,10.046507835388184,2019-06-01
US-xTR,2019,7,DBF,Cold,GPP_Baseline,pred,11.069461822509766,2019-07-01
US-xTR,2019,8,DBF,Cold,GPP_Baseline,pred,9.061470031738281,2019-08-01
US-xTR,2019,9,DBF,Cold,GPP_Baseline,pred,4.956005096435547,2019-09-01
US-xTR,2019,10,DBF,Cold,GPP_Baseline,pred,1.0187679529190063,2019-10-01
US-xTR,2019,11,DBF,Cold,GPP_Baseline,pred,0.19549542665481567,2019-11-01
US-xTR,2019,12,DBF,Cold,GPP_Baseline,pred,0.023807650431990623,2019-12-01
US-xTR,2020,1,DBF,Cold,GPP_Baseline,pred,-0.03695501759648323,2020-01-01
US-xTR,2020,2,DBF,Cold,GPP_Baseline,pred,-0.01492844708263874,2020-02-01
US-xTR,2020,3,DBF,Cold,GPP_Baseline,pred,0.113088458776474,2020-03-01
US-xTR,2020,4,DBF,Cold,GPP_Baseline,pred,1.1815543174743652,2020-04-01
US-xTR,2020,5,DBF,Cold,GPP_Baseline,pred,3.3778440952301025,2020-05-01
US-xTR,2020,6,DBF,Cold,GPP_Baseline,pred,10.855146408081055,2020-06-01
US-xTR,2020,7,DBF,Cold,GPP_Baseline,pred,11.552411079406738,2020-07-01
US-xTR,2020,8,DBF,Cold,GPP_Baseline,pred,9.477811813354492,2020-08-01
US-xTR,2020,9,DBF,Cold,GPP_Baseline,pred,5.1018595695495605,2020-09-01
US-xTR,2021,1,DBF,Cold,GPP_Baseline,pred,-0.04867570847272873,2021-01-01
US-xTR,2021,2,DBF,Cold,GPP_Baseline,pred,-0.016171226277947426,2021-02-01
US-xTR,2021,3,DBF,Cold,GPP_Baseline,pred,0.5022745132446289,2021-03-01
US-xTR,2021,4,DBF,Cold,GPP_Baseline,pred,1.265077829360962,2021-04-01
US-xTR,2021,5,DBF,Cold,GPP_Baseline,pred,3.394874334335327,2021-05-01
US-xTR,2021,6,DBF,Cold,GPP_Baseline,pred,10.929792404174805,2021-06-01
US-xTR,2021,7,DBF,Cold,GPP_Baseline,pred,10.500840187072754,2021-07-01
US-xTR,2021,8,DBF,Cold,GPP_Baseline,pred,8.173571586608887,2021-08-01
US-xTR,2021,9,DBF,Cold,GPP_Baseline,pred,5.777076244354248,2021-09-01
US-xTR,2021,10,DBF,Cold,GPP_Baseline,pred,0.8970623016357422,2021-10-01
US-xTR,2021,11,DBF,Cold,GPP_Baseline,pred,0.2695685923099518,2021-11-01
US-xTR,2021,12,DBF,Cold,GPP_Baseline,pred,-0.005861019715666771,2021-12-01
US-xTR,2022,1,DBF,Cold,GPP_Baseline,pred,-0.00235766707919538,2022-01-01
US-xTR,2022,2,DBF,Cold,GPP_Baseline,pred,0.002982175210490823,2022-02-01
US-xTR,2022,3,DBF,Cold,GPP_Baseline,pred,0.024129418656229973,2022-03-01
US-xTR,2022,4,DBF,Cold,GPP_Baseline,pred,1.215069055557251,2022-04-01
US-xTR,2022,5,DBF,Cold,GPP_Baseline,pred,3.5597050189971924,2022-05-01
US-xTR,2022,6,DBF,Cold,GPP_Baseline,pred,10.23269271850586,2022-06-01
US-xTR,2022,7,DBF,Cold,GPP_Baseline,pred,10.979167938232422,2022-07-01
US-xTR,2022,8,DBF,Cold,GPP_Baseline,pred,8.472232818603516,2022-08-01
US-xTR,2022,9,DBF,Cold,GPP_Baseline,pred,6.3276262283325195,2022-09-01
US-xTR,2022,10,DBF,Cold,GPP_Baseline,pred,1.1723829507827759,2022-10-01
US-xTR,2022,11,DBF,Cold,GPP_Baseline,pred,0.32032549381256104,2022-11-01
US-xTR,2022,12,DBF,Cold,GPP_Baseline,pred,-0.034782350063323975,2022-12-01
US-xTR,2023,1,DBF,Cold,GPP_Baseline,pred,-0.014454228803515434,2023-01-01
US-xTR,2023,2,DBF,Cold,GPP_Baseline,pred,-0.02329082228243351,2023-02-01
US-xTR,2023,3,DBF,Cold,GPP_Baseline,pred,0.04964655637741089,2023-03-01
US-xTR,2023,4,DBF,Cold,GPP_Baseline,pred,0.7341639995574951,2023-04-01
US-xTR,2023,5,DBF,Cold,GPP_Baseline,pred,4.776895999908447,2023-05-01
US-xTR,2023,6,DBF,Cold,GPP_Baseline,pred,10.974721908569336,2023-06-01
US-xTR,2023,7,DBF,Cold,GPP_Baseline,pred,11.028145790100098,2023-07-01
US-xTR,2023,8,DBF,Cold,GPP_Baseline,pred,9.482141494750977,2023-08-01
US-xTR,2023,9,DBF,Cold,GPP_Baseline,pred,5.802231788635254,2023-09-01
US-xTR,2023,11,DBF,Cold,GPP_Baseline,pred,0.27447137236595154,2023-11-01
US-xTR,2023,12,DBF,Cold,GPP_Baseline,pred,0.1871626228094101,2023-12-01
US-xJR,2019,1,GRA,Arid,NEE_Baseline,pred,-0.0921233519911766,2019-01-01
US-xJR,2019,2,GRA,Arid,NEE_Baseline,pred,-0.11868610978126526,2019-02-01
US-xJR,2019,3,GRA,Arid,NEE_Baseline,pred,-0.16974422335624695,2019-03-01
US-xJR,2019,4,GRA,Arid,NEE_Baseline,pred,-0.1832512617111206,2019-04-01
US-xJR,2019,6,GRA,Arid,NEE_Baseline,pred,-0.08657805621623993,2019-06-01
US-xJR,2019,7,GRA,Arid,NEE_Baseline,pred,-0.029660215601325035,2019-07-01
US-xJR,2019,8,GRA,Arid,NEE_Baseline,pred,-0.015120495110750198,2019-08-01
US-xJR,2019,9,GRA,Arid,NEE_Baseline,pred,-0.17625945806503296,2019-09-01
US-xJR,2019,10,GRA,Arid,NEE_Baseline,pred,-0.21996812522411346,2019-10-01
US-xJR,2019,12,GRA,Arid,NEE_Baseline,pred,-0.08278073370456696,2019-12-01
US-xJR,2020,1,GRA,Arid,NEE_Baseline,pred,-0.07957156002521515,2020-01-01
US-xJR,2020,2,GRA,Arid,NEE_Baseline,pred,-0.12218837440013885,2020-02-01
US-xJR,2020,3,GRA,Arid,NEE_Baseline,pred,-0.1680423468351364,2020-03-01
US-xJR,2020,4,GRA,Arid,NEE_Baseline,pred,-0.23725351691246033,2020-04-01
US-xJR,2020,5,GRA,Arid,NEE_Baseline,pred,-0.1967095285654068,2020-05-01
US-xJR,2020,6,GRA,Arid,NEE_Baseline,pred,-0.08156296610832214,2020-06-01
US-xJR,2020,7,GRA,Arid,NEE_Baseline,pred,0.0759725421667099,2020-07-01
US-xJR,2020,8,GRA,Arid,NEE_Baseline,pred,0.01039513386785984,2020-08-01
US-xJR,2020,9,GRA,Arid,NEE_Baseline,pred,-0.1686040163040161,2020-09-01
US-xJR,2020,10,GRA,Arid,NEE_Baseline,pred,-0.15452894568443298,2020-10-01
US-xJR,2020,11,GRA,Arid,NEE_Baseline,pred,-0.12910863757133484,2020-11-01
US-xJR,2020,12,GRA,Arid,NEE_Baseline,pred,-0.0907997116446495,2020-12-01
US-xJR,2021,2,GRA,Arid,NEE_Baseline,pred,-0.12938499450683594,2021-02-01
US-xJR,2021,3,GRA,Arid,NEE_Baseline,pred,-0.19199851155281067,2021-03-01
US-xJR,2021,4,GRA,Arid,NEE_Baseline,pred,-0.19651012122631073,2021-04-01
US-xJR,2021,5,GRA,Arid,NEE_Baseline,pred,-0.1658582240343094,2021-05-01
US-xJR,2021,6,GRA,Arid,NEE_Baseline,pred,-0.06436864286661148,2021-06-01
US-xJR,2021,7,GRA,Arid,NEE_Baseline,pred,-0.23770859837532043,2021-07-01
US-xJR,2021,8,GRA,Arid,NEE_Baseline,pred,-0.46206074953079224,2021-08-01
US-xJR,2021,9,GRA,Arid,NEE_Baseline,pred,-0.2910711467266083,2021-09-01
US-xJR,2021,10,GRA,Arid,NEE_Baseline,pred,-0.17698688805103302,2021-10-01
US-xJR,2021,11,GRA,Arid,NEE_Baseline,pred,-0.07818952202796936,2021-11-01
US-xJR,2021,12,GRA,Arid,NEE_Baseline,pred,-0.0912100300192833,2021-12-01
US-xJR,2022,1,GRA,Arid,NEE_Baseline,pred,-0.11836473643779755,2022-01-01
US-xJR,2022,2,GRA,Arid,NEE_Baseline,pred,-0.13246969878673553,2022-02-01
US-xJR,2022,3,GRA,Arid,NEE_Baseline,pred,-0.1724269986152649,2022-03-01
US-xJR,2022,4,GRA,Arid,NEE_Baseline,pred,-0.17122289538383484,2022-04-01
US-xJR,2022,5,GRA,Arid,NEE_Baseline,pred,-0.1545659601688385,2022-05-01
US-xJR,2022,6,GRA,Arid,NEE_Baseline,pred,-0.006110897287726402,2022-06-01
US-xJR,2022,7,GRA,Arid,NEE_Baseline,pred,0.07052577286958694,2022-07-01
US-xJR,2022,8,GRA,Arid,NEE_Baseline,pred,-0.08901891112327576,2022-08-01
US-xJR,2022,9,GRA,Arid,NEE_Baseline,pred,-0.2056325376033783,2022-09-01
US-xJR,2022,10,GRA,Arid,NEE_Baseline,pred,-0.21573464572429657,2022-10-01
US-xJR,2022,11,GRA,Arid,NEE_Baseline,pred,-0.14682137966156006,2022-11-01
US-xJR,2022,12,GRA,Arid,NEE_Baseline,pred,-0.07134239375591278,2022-12-01
US-xJR,2023,1,GRA,Arid,NEE_Baseline,pred,-0.10532701760530472,2023-01-01
US-xJR,2023,3,GRA,Arid,NEE_Baseline,pred,-0.15964962542057037,2023-03-01
US-xJR,2023,4,GRA,Arid,NEE_Baseline,pred,-0.16491903364658356,2023-04-01
US-xJR,2023,5,GRA,Arid,NEE_Baseline,pred,-0.1977476328611374,2023-05-01
US-xJR,2023,6,GRA,Arid,NEE_Baseline,pred,-0.21111881732940674,2023-06-01
US-xJR,2023,7,GRA,Arid,NEE_Baseline,pred,-0.005617322400212288,2023-07-01
US-xJR,2023,8,GRA,Arid,NEE_Baseline,pred,0.044546209275722504,2023-08-01
US-xJR,2023,9,GRA,Arid,NEE_Baseline,pred,-0.14243708550930023,2023-09-01
US-xJR,2023,10,GRA,Arid,NEE_Baseline,pred,-0.17534217238426208,2023-10-01
US-xJR,2023,11,GRA,Arid,NEE_Baseline,pred,-0.07431970536708832,2023-11-01
US-xJR,2023,12,GRA,Arid,NEE_Baseline,pred,-0.06877627223730087,2023-12-01
US-xST,2019,1,DBF,Cold,NEE_Baseline,pred,0.5852127075195312,2019-01-01
US-xST,2019,2,DBF,Cold,NEE_Baseline,pred,0.5797507762908936,2019-02-01
US-xST,2019,3,DBF,Cold,NEE_Baseline,pred,0.6529580950737,2019-03-01
US-xST,2019,4,DBF,Cold,NEE_Baseline,pred,0.7186035513877869,2019-04-01
US-xST,2019,5,DBF,Cold,NEE_Baseline,pred,0.4927423596382141,2019-05-01
US-xST,2019,6,DBF,Cold,NEE_Baseline,pred,-4.113404750823975,2019-06-01
US-xST,2019,7,DBF,Cold,NEE_Baseline,pred,-5.203818321228027,2019-07-01
US-xST,2019,8,DBF,Cold,NEE_Baseline,pred,-3.5563483238220215,2019-08-01
US-xST,2019,9,DBF,Cold,NEE_Baseline,pred,-1.2177709341049194,2019-09-01
US-xST,2019,10,DBF,Cold,NEE_Baseline,pred,1.0578700304031372,2019-10-01
US-xST,2019,11,DBF,Cold,NEE_Baseline,pred,0.8006460666656494,2019-11-01
US-xST,2019,12,DBF,Cold,NEE_Baseline,pred,0.629750669002533,2019-12-01
US-xST,2020,1,DBF,Cold,NEE_Baseline,pred,0.6397693157196045,2020-01-01
US-xST,2020,2,DBF,Cold,NEE_Baseline,pred,0.6126380562782288,2020-02-01
US-xST,2020,3,DBF,Cold,NEE_Baseline,pred,0.680402398109436,2020-03-01
US-xST,2020,4,DBF,Cold,NEE_Baseline,pred,0.856624960899353,2020-04-01
US-xST,2020,5,DBF,Cold,NEE_Baseline,pred,-0.1989058256149292,2020-05-01
US-xST,2020,6,DBF,Cold,NEE_Baseline,pred,-5.142172813415527,2020-06-01
US-xST,2020,7,DBF,Cold,NEE_Baseline,pred,-5.009281158447266,2020-07-01
US-xST,2020,8,DBF,Cold,NEE_Baseline,pred,-3.499556541442871,2020-08-01
US-xST,2020,9,DBF,Cold,NEE_Baseline,pred,-1.040542483329773,2020-09-01
US-xST,2020,10,DBF,Cold,NEE_Baseline,pred,0.9901785254478455,2020-10-01
US-xST,2020,11,DBF,Cold,NEE_Baseline,pred,1.0390257835388184,2020-11-01
US-xST,2020,12,DBF,Cold,NEE_Baseline,pred,0.6989983916282654,2020-12-01
US-xST,2021,1,DBF,Cold,NEE_Baseline,pred,0.606607973575592,2021-01-01
US-xST,2021,2,DBF,Cold,NEE_Baseline,pred,0.5651472806930542,2021-02-01
US-xST,2021,3,DBF,Cold,NEE_Baseline,pred,0.543384850025177,2021-03-01
US-xST,2021,4,DBF,Cold,NEE_Baseline,pred,0.8521247506141663,2021-04-01
US-xST,2021,5,DBF,Cold,NEE_Baseline,pred,-0.3813644051551819,2021-05-01
US-xST,2021,12,DBF,Cold,NEE_Baseline,pred,0.6481978297233582,2021-12-01
US-xST,2022,1,DBF,Cold,NEE_Baseline,pred,0.5966772437095642,2022-01-01
US-xST,2022,2,DBF,Cold,NEE_Baseline,pred,0.5214598774909973,2022-02-01
US-xST,2022,3,DBF,Cold,NEE_Baseline,pred,0.7034857869148254,2022-03-01
US-xST,2022,4,DBF,Cold,NEE_Baseline,pred,0.6369103193283081,2022-04-01
US-xST,2022,5,DBF,Cold,NEE_Baseline,pred,-0.17301355302333832,2022-05-01
US-xST,2022,6,DBF,Cold,NEE_Baseline,pred,-5.164247512817383,2022-06-01
US-xST,2022,7,DBF,Cold,NEE_Baseline,pred,-4.5367865562438965,2022-07-01
US-xST,2022,8,DBF,Cold,NEE_Baseline,pred,-3.2010138034820557,2022-08-01
US-xST,2022,9,DBF,Cold,NEE_Baseline,pred,-1.8258764743804932,2022-09-01
US-xST,2022,10,DBF,Cold,NEE_Baseline,pred,0.8691614270210266,2022-10-01
US-xST,2022,11,DBF,Cold,NEE_Baseline,pred,0.8138607740402222,2022-11-01
US-xST,2022,12,DBF,Cold,NEE_Baseline,pred,0.7277311086654663,2022-12-01
US-xST,2023,1,DBF,Cold,NEE_Baseline,pred,0.6740221977233887,2023-01-01
US-xST,2023,2,DBF,Cold,NEE_Baseline,pred,0.6471133828163147,2023-02-01
US-xST,2023,3,DBF,Cold,NEE_Baseline,pred,0.6898313164710999,2023-03-01
US-xST,2023,4,DBF,Cold,NEE_Baseline,pred,0.6770257949829102,2023-04-01
US-xST,2023,5,DBF,Cold,NEE_Baseline,pred,-0.7344584465026855,2023-05-01
US-xST,2023,6,DBF,Cold,NEE_Baseline,pred,-5.597277641296387,2023-06-01
US-xST,2023,7,DBF,Cold,NEE_Baseline,pred,-5.193877696990967,2023-07-01
US-xST,2023,9,DBF,Cold,NEE_Baseline,pred,-1.263962984085083,2023-09-01
US-xST,2023,10,DBF,Cold,NEE_Baseline,pred,1.1992961168289185,2023-10-01
US-xST,2023,11,DBF,Cold,NEE_Baseline,pred,0.887975811958313,2023-11-01
US-xST,2023,12,DBF,Cold,NEE_Baseline,pred,0.8094784617424011,2023-12-01
US-xHA,2019,2,DBF,Cold,NEE_Baseline,pred,1.4290810823440552,2019-02-01
US-xHA,2019,3,DBF,Cold,NEE_Baseline,pred,1.0510846376419067,2019-03-01
US-xHA,2019,6,DBF,Cold,NEE_Baseline,pred,-5.392542839050293,2019-06-01
US-xHA,2019,7,DBF,Cold,NEE_Baseline,pred,-5.553836345672607,2019-07-01
US-xHA,2019,8,DBF,Cold,NEE_Baseline,pred,-5.29550838470459,2019-08-01
US-xHA,2019,9,DBF,Cold,NEE_Baseline,pred,-3.2442994117736816,2019-09-01
US-xHA,2019,10,DBF,Cold,NEE_Baseline,pred,0.8786000609397888,2019-10-01
US-xHA,2019,11,DBF,Cold,NEE_Baseline,pred,1.7556309700012207,2019-11-01
US-xHA,2019,12,DBF,Cold,NEE_Baseline,pred,1.432789921760559,2019-12-01
US-xHA,2020,1,DBF,Cold,NEE_Baseline,pred,1.3334375619888306,2020-01-01
US-xHA,2020,2,DBF,Cold,NEE_Baseline,pred,1.3265129327774048,2020-02-01
US-xHA,2020,7,DBF,Cold,NEE_Baseline,pred,-5.482888698577881,2020-07-01
US-xHA,2020,8,DBF,Cold,NEE_Baseline,pred,-4.9485650062561035,2020-08-01
US-xHA,2020,9,DBF,Cold,NEE_Baseline,pred,-3.066488265991211,2020-09-01
US-xHA,2020,10,DBF,Cold,NEE_Baseline,pred,0.7893640398979187,2020-10-01
US-xHA,2020,11,DBF,Cold,NEE_Baseline,pred,1.8328474760055542,2020-11-01
US-xHA,2020,12,DBF,Cold,NEE_Baseline,pred,1.5696914196014404,2020-12-01
US-xHA,2021,1,DBF,Cold,NEE_Baseline,pred,1.462052583694458,2021-01-01
US-xHA,2021,2,DBF,Cold,NEE_Baseline,pred,1.262054443359375,2021-02-01
US-xHA,2021,3,DBF,Cold,NEE_Baseline,pred,1.0349246263504028,2021-03-01
US-xHA,2021,4,DBF,Cold,NEE_Baseline,pred,1.132240891456604,2021-04-01
US-xHA,2021,5,DBF,Cold,NEE_Baseline,pred,-1.0504060983657837,2021-05-01
US-xHA,2021,6,DBF,Cold,NEE_Baseline,pred,-5.551224708557129,2021-06-01
US-xHA,2021,7,DBF,Cold,NEE_Baseline,pred,-5.075599670410156,2021-07-01
US-xHA,2021,8,DBF,Cold,NEE_Baseline,pred,-3.8363633155822754,2021-08-01
US-xHA,2021,9,DBF,Cold,NEE_Baseline,pred,-2.633070945739746,2021-09-01
US-xHA,2021,10,DBF,Cold,NEE_Baseline,pred,0.24829396605491638,2021-10-01
US-xHA,2021,11,DBF,Cold,NEE_Baseline,pred,1.6659719944000244,2021-11-01
US-xHA,2021,12,DBF,Cold,NEE_Baseline,pred,1.4932713508605957,2021-12-01
US-xHA,2022,1,DBF,Cold,NEE_Baseline,pred,1.4099681377410889,2022-01-01
US-xHA,2022,2,DBF,Cold,NEE_Baseline,pred,1.3970197439193726,2022-02-01
US-xHA,2022,3,DBF,Cold,NEE_Baseline,pred,1.0830596685409546,2022-03-01
US-xHA,2022,4,DBF,Cold,NEE_Baseline,pred,1.0348589420318604,2022-04-01
US-xHA,2022,5,DBF,Cold,NEE_Baseline,pred,-0.703037679195404,2022-05-01
US-xHA,2022,6,DBF,Cold,NEE_Baseline,pred,-5.522013187408447,2022-06-01
US-xHA,2022,7,DBF,Cold,NEE_Baseline,pred,-5.534400463104248,2022-07-01
US-xHA,2022,8,DBF,Cold,NEE_Baseline,pred,-5.243168830871582,2022-08-01
US-xHA,2022,9,DBF,Cold,NEE_Baseline,pred,-3.6809263229370117,2022-09-01
US-xHA,2022,10,DBF,Cold,NEE_Baseline,pred,0.1560925841331482,2022-10-01
US-xHA,2022,11,DBF,Cold,NEE_Baseline,pred,1.7661197185516357,2022-11-01
US-xHA,2022,12,DBF,Cold,NEE_Baseline,pred,1.4312468767166138,2022-12-01
US-xHA,2023,1,DBF,Cold,NEE_Baseline,pred,1.2468050718307495,2023-01-01
US-xHA,2023,2,DBF,Cold,NEE_Baseline,pred,1.3587394952774048,2023-02-01
US-xHA,2023,3,DBF,Cold,NEE_Baseline,pred,1.088737964630127,2023-03-01
US-xHA,2023,4,DBF,Cold,NEE_Baseline,pred,1.1325874328613281,2023-04-01
US-xHA,2023,5,DBF,Cold,NEE_Baseline,pred,-1.3585268259048462,2023-05-01
US-xHA,2023,6,DBF,Cold,NEE_Baseline,pred,-5.378686904907227,2023-06-01
US-xHA,2023,7,DBF,Cold,NEE_Baseline,pred,-5.056666851043701,2023-07-01
US-xHA,2023,8,DBF,Cold,NEE_Baseline,pred,-3.590973377227783,2023-08-01
US-xHA,2023,9,DBF,Cold,NEE_Baseline,pred,-2.467674970626831,2023-09-01
US-xHA,2023,10,DBF,Cold,NEE_Baseline,pred,0.33718380331993103,2023-10-01
US-xHA,2023,11,DBF,Cold,NEE_Baseline,pred,1.5629472732543945,2023-11-01
US-xHA,2023,12,DBF,Cold,NEE_Baseline,pred,1.4576561450958252,2023-12-01
US-xSL,2019,2,GRA,Arid,NEE_Baseline,pred,0.0637725293636322,2019-02-01
US-xSL,2019,4,GRA,Arid,NEE_Baseline,pred,-0.23117108643054962,2019-04-01
US-xSL,2019,5,GRA,Arid,NEE_Baseline,pred,-0.16597282886505127,2019-05-01
US-xSL,2019,6,GRA,Arid,NEE_Baseline,pred,-0.14208240807056427,2019-06-01
US-xSL,2019,7,GRA,Arid,NEE_Baseline,pred,-1.603154182434082,2019-07-01
US-xSL,2019,9,GRA,Arid,NEE_Baseline,pred,0.07131762057542801,2019-09-01
US-xSL,2019,10,GRA,Arid,NEE_Baseline,pred,-0.011304683052003384,2019-10-01
US-xSL,2019,11,GRA,Arid,NEE_Baseline,pred,-0.027012476697564125,2019-11-01
US-xSL,2019,12,GRA,Arid,NEE_Baseline,pred,0.09241314977407455,2019-12-01
US-xSL,2020,1,GRA,Arid,NEE_Baseline,pred,0.09421388059854507,2020-01-01
US-xSL,2020,2,GRA,Arid,NEE_Baseline,pred,0.07151968032121658,2020-02-01
US-xSL,2020,3,GRA,Arid,NEE_Baseline,pred,-0.1083960235118866,2020-03-01
US-xSL,2020,4,GRA,Arid,NEE_Baseline,pred,-0.24645689129829407,2020-04-01
US-xSL,2020,5,GRA,Arid,NEE_Baseline,pred,-0.3179856240749359,2020-05-01
US-xSL,2020,10,GRA,Arid,NEE_Baseline,pred,-0.09038165211677551,2020-10-01
US-xSL,2020,12,GRA,Arid,NEE_Baseline,pred,0.09783530980348587,2020-12-01
US-xSL,2021,3,GRA,Arid,NEE_Baseline,pred,-0.11923407763242722,2021-03-01
US-xSL,2021,4,GRA,Arid,NEE_Baseline,pred,-0.2650734484195709,2021-04-01
US-xSL,2021,6,GRA,Arid,NEE_Baseline,pred,-0.6736814975738525,2021-06-01
US-xSL,2021,7,GRA,Arid,NEE_Baseline,pred,-0.440019816160202,2021-07-01
US-xSL,2021,8,GRA,Arid,NEE_Baseline,pred,-0.20389355719089508,2021-08-01
US-xSL,2021,9,GRA,Arid,NEE_Baseline,pred,0.05692683532834053,2021-09-01
US-xSL,2021,10,GRA,Arid,NEE_Baseline,pred,0.1971922516822815,2021-10-01
US-xSL,2021,11,GRA,Arid,NEE_Baseline,pred,0.10223265737295151,2021-11-01
US-xSL,2021,12,GRA,Arid,NEE_Baseline,pred,0.10399989038705826,2021-12-01
US-xSL,2022,1,GRA,Arid,NEE_Baseline,pred,0.05678609758615494,2022-01-01
US-xSL,2022,2,GRA,Arid,NEE_Baseline,pred,0.015472359955310822,2022-02-01
US-xSL,2022,3,GRA,Arid,NEE_Baseline,pred,-0.08114751428365707,2022-03-01
US-xSL,2022,4,GRA,Arid,NEE_Baseline,pred,-0.23924583196640015,2022-04-01
US-xSL,2022,5,GRA,Arid,NEE_Baseline,pred,-0.22894462943077087,2022-05-01
US-xSL,2022,6,GRA,Arid,NEE_Baseline,pred,0.04174893721938133,2022-06-01
US-xSL,2022,7,GRA,Arid,NEE_Baseline,pred,0.04320283234119415,2022-07-01
US-xSL,2022,8,GRA,Arid,NEE_Baseline,pred,-0.28184136748313904,2022-08-01
US-xSL,2022,9,GRA,Arid,NEE_Baseline,pred,0.17914123833179474,2022-09-01
US-xSL,2022,10,GRA,Arid,NEE_Baseline,pred,-0.005841604433953762,2022-10-01
US-xSL,2022,11,GRA,Arid,NEE_Baseline,pred,0.06649894267320633,2022-11-01
US-xSL,2023,1,GRA,Arid,NEE_Baseline,pred,0.06374455243349075,2023-01-01
US-xSL,2023,2,GRA,Arid,NEE_Baseline,pred,-0.003651947248727083,2023-02-01
US-xSL,2023,3,GRA,Arid,NEE_Baseline,pred,-0.2060716152191162,2023-03-01
US-xSL,2023,4,GRA,Arid,NEE_Baseline,pred,-0.285906046628952,2023-04-01
US-xSL,2023,8,GRA,Arid,NEE_Baseline,pred,0.005374134983867407,2023-08-01
US-xSL,2023,9,GRA,Arid,NEE_Baseline,pred,0.06594649702310562,2023-09-01
US-xSL,2023,10,GRA,Arid,NEE_Baseline,pred,0.1342247873544693,2023-10-01
US-xSL,2023,11,GRA,Arid,NEE_Baseline,pred,0.13692432641983032,2023-11-01
US-xSL,2023,12,GRA,Arid,NEE_Baseline,pred,0.12345962971448898,2023-12-01
US-xTR,2019,1,DBF,Cold,NEE_Baseline,pred,0.4924938678741455,2019-01-01
US-xTR,2019,2,DBF,Cold,NEE_Baseline,pred,0.4914225935935974,2019-02-01
US-xTR,2019,3,DBF,Cold,NEE_Baseline,pred,0.54245525598526,2019-03-01
US-xTR,2019,4,DBF,Cold,NEE_Baseline,pred,0.6242490410804749,2019-04-01
US-xTR,2019,5,DBF,Cold,NEE_Baseline,pred,0.460567831993103,2019-05-01
US-xTR,2019,6,DBF,Cold,NEE_Baseline,pred,-4.093214988708496,2019-06-01
US-xTR,2019,7,DBF,Cold,NEE_Baseline,pred,-5.285714626312256,2019-07-01
US-xTR,2019,8,DBF,Cold,NEE_Baseline,pred,-3.841531991958618,2019-08-01
US-xTR,2019,9,DBF,Cold,NEE_Baseline,pred,-1.3697700500488281,2019-09-01
US-xTR,2019,10,DBF,Cold,NEE_Baseline,pred,0.9711562991142273,2019-10-01
US-xTR,2019,11,DBF,Cold,NEE_Baseline,pred,0.7505499124526978,2019-11-01
US-xTR,2019,12,DBF,Cold,NEE_Baseline,pred,0.5800041556358337,2019-12-01
US-xTR,2020,1,DBF,Cold,NEE_Baseline,pred,0.5321743488311768,2020-01-01
US-xTR,2020,2,DBF,Cold,NEE_Baseline,pred,0.5388689637184143,2020-02-01
US-xTR,2020,3,DBF,Cold,NEE_Baseline,pred,0.5612559914588928,2020-03-01
US-xTR,2020,4,DBF,Cold,NEE_Baseline,pred,0.6346650719642639,2020-04-01
US-xTR,2020,5,DBF,Cold,NEE_Baseline,pred,-0.4099579453468323,2020-05-01
US-xTR,2020,6,DBF,Cold,NEE_Baseline,pred,-4.886637210845947,2020-06-01
US-xTR,2020,7,DBF,Cold,NEE_Baseline,pred,-5.345402240753174,2020-07-01
US-xTR,2020,8,DBF,Cold,NEE_Baseline,pred,-4.301480293273926,2020-08-01
US-xTR,2020,9,DBF,Cold,NEE_Baseline,pred,-1.341612458229065,2020-09-01
US-xTR,2021,1,DBF,Cold,NEE_Baseline,pred,0.5333511233329773,2021-01-01
US-xTR,2021,2,DBF,Cold,NEE_Baseline,pred,0.5060957074165344,2021-02-01
US-xTR,2021,3,DBF,Cold,NEE_Baseline,pred,0.6664749383926392,2021-03-01
US-xTR,2021,4,DBF,Cold,NEE_Baseline,pred,0.752423882484436,2021-04-01
US-xTR,2021,5,DBF,Cold,NEE_Baseline,pred,-0.5873592495918274,2021-05-01
US-xTR,2021,6,DBF,Cold,NEE_Baseline,pred,-5.062638282775879,2021-06-01
US-xTR,2021,7,DBF,Cold,NEE_Baseline,pred,-4.656276226043701,2021-07-01
US-xTR,2021,8,DBF,Cold,NEE_Baseline,pred,-2.992929458618164,2021-08-01
US-xTR,2021,9,DBF,Cold,NEE_Baseline,pred,-1.2505290508270264,2021-09-01
US-xTR,2021,10,DBF,Cold,NEE_Baseline,pred,1.3788044452667236,2021-10-01
US-xTR,2021,11,DBF,Cold,NEE_Baseline,pred,0.8352599143981934,2021-11-01
US-xTR,2021,12,DBF,Cold,NEE_Baseline,pred,0.5646032094955444,2021-12-01
US-xTR,2022,1,DBF,Cold,NEE_Baseline,pred,0.4969387650489807,2022-01-01
US-xTR,2022,2,DBF,Cold,NEE_Baseline,pred,0.49296921491622925,2022-02-01
US-xTR,2022,3,DBF,Cold,NEE_Baseline,pred,0.5616527795791626,2022-03-01
US-xTR,2022,4,DBF,Cold,NEE_Baseline,pred,0.6345493197441101,2022-04-01
US-xTR,2022,5,DBF,Cold,NEE_Baseline,pred,-0.33542317152023315,2022-05-01
US-xTR,2022,6,DBF,Cold,NEE_Baseline,pred,-4.203080177307129,2022-06-01
US-xTR,2022,7,DBF,Cold,NEE_Baseline,pred,-5.0654988288879395,2022-07-01
US-xTR,2022,8,DBF,Cold,NEE_Baseline,pred,-3.36368989944458,2022-08-01
US-xTR,2022,9,DBF,Cold,NEE_Baseline,pred,-2.1348750591278076,2022-09-01
US-xTR,2022,10,DBF,Cold,NEE_Baseline,pred,0.9044037461280823,2022-10-01
US-xTR,2022,11,DBF,Cold,NEE_Baseline,pred,0.6465778350830078,2022-11-01
US-xTR,2022,12,DBF,Cold,NEE_Baseline,pred,0.5563083291053772,2022-12-01
US-xTR,2023,1,DBF,Cold,NEE_Baseline,pred,0.5321743488311768,2023-01-01
US-xTR,2023,2,DBF,Cold,NEE_Baseline,pred,0.5311843752861023,2023-02-01
US-xTR,2023,3,DBF,Cold,NEE_Baseline,pred,0.5774371027946472,2023-03-01
US-xTR,2023,4,DBF,Cold,NEE_Baseline,pred,0.8218632936477661,2023-04-01
US-xTR,2023,5,DBF,Cold,NEE_Baseline,pred,-1.0337913036346436,2023-05-01
US-xTR,2023,6,DBF,Cold,NEE_Baseline,pred,-5.5004496574401855,2023-06-01
US-xTR,2023,7,DBF,Cold,NEE_Baseline,pred,-5.269749164581299,2023-07-01
US-xTR,2023,8,DBF,Cold,NEE_Baseline,pred,-4.347911357879639,2023-08-01
US-xTR,2023,9,DBF,Cold,NEE_Baseline,pred,-1.8580653667449951,2023-09-01
US-xTR,2023,11,DBF,Cold,NEE_Baseline,pred,0.7733469605445862,2023-11-01
US-xTR,2023,12,DBF,Cold,NEE_Baseline,pred,0.7261112928390503,2023-12-01
US-xSL,2024,1,,,GPP_Baseline,pred,0.17213618755340576,2024-01-01
US-xJR,2024,1,,,GPP_Baseline,pred,0.15004678070545197,2024-01-01
US-xST,2024,1,,,GPP_Baseline,pred,-0.06966724991798401,2024-01-01
US-xTR,2024,1,,,GPP_Baseline,pred,-0.04519600793719292,2024-01-01
US-xHA,2024,1,,,GPP_Baseline,pred,0.11395806819200516,2024-01-01
US-xSL,2024,2,,,GPP_Baseline,pred,0.17121486365795135,2024-02-01
US-xJR,2024,2,,,GPP_Baseline,pred,0.2068749964237213,2024-02-01
US-xST,2024,2,,,GPP_Baseline,pred,0.18575239181518555,2024-02-01
US-xTR,2024,2,,,GPP_Baseline,pred,0.10134992003440857,2024-02-01
US-xHA,2024,2,,,GPP_Baseline,pred,0.11654020100831985,2024-02-01
US-xSL,2024,3,,,GPP_Baseline,pred,0.3627370297908783,2024-03-01
US-xJR,2024,3,,,GPP_Baseline,pred,0.4595046639442444,2024-03-01
US-xST,2024,3,,,GPP_Baseline,pred,0.609595537185669,2024-03-01
US-xTR,2024,3,,,GPP_Baseline,pred,0.6023929715156555,2024-03-01
US-xHA,2024,3,,,GPP_Baseline,pred,0.884560227394104,2024-03-01
US-xSL,2024,4,,,GPP_Baseline,pred,1.315481424331665,2024-04-01
US-xJR,2024,4,,,GPP_Baseline,pred,0.40134745836257935,2024-04-01
US-xST,2024,4,,,GPP_Baseline,pred,1.0571434497833252,2024-04-01
US-xTR,2024,4,,,GPP_Baseline,pred,1.0864360332489014,2024-04-01
US-xHA,2024,4,,,GPP_Baseline,pred,1.3112181425094604,2024-04-01
US-xSL,2024,5,,,GPP_Baseline,pred,3.732088804244995,2024-05-01
US-xJR,2024,5,,,GPP_Baseline,pred,0.38317182660102844,2024-05-01
US-xST,2024,5,,,GPP_Baseline,pred,4.766901969909668,2024-05-01
US-xTR,2024,5,,,GPP_Baseline,pred,4.631591796875,2024-05-01
US-xHA,2024,5,,,GPP_Baseline,pred,6.6463799476623535,2024-05-01
US-xSL,2024,6,,,GPP_Baseline,pred,3.650563955307007,2024-06-01
US-xJR,2024,6,,,GPP_Baseline,pred,0.43887439370155334,2024-06-01
US-xST,2024,6,,,GPP_Baseline,pred,10.24155330657959,2024-06-01
US-xTR,2024,6,,,GPP_Baseline,pred,10.101310729980469,2024-06-01
US-xHA,2024,6,,,GPP_Baseline,pred,12.167438507080078,2024-06-01
US-xSL,2024,7,,,GPP_Baseline,pred,2.360020875930786,2024-07-01
US-xJR,2024,7,,,GPP_Baseline,pred,0.5420825481414795,2024-07-01
US-xST,2024,7,,,GPP_Baseline,pred,10.750685691833496,2024-07-01
US-xTR,2024,7,,,GPP_Baseline,pred,9.932768821716309,2024-07-01
US-xHA,2024,7,,,GPP_Baseline,pred,11.788961410522461,2024-07-01
US-xSL,2024,8,,,GPP_Baseline,pred,3.947685956954956,2024-08-01
US-xJR,2024,8,,,GPP_Baseline,pred,0.607419490814209,2024-08-01
US-xST,2024,8,,,GPP_Baseline,pred,8.337520599365234,2024-08-01
US-xTR,2024,8,,,GPP_Baseline,pred,8.410515785217285,2024-08-01
US-xHA,2024,8,,,GPP_Baseline,pred,10.668253898620605,2024-08-01
US-xSL,2024,9,,,GPP_Baseline,pred,2.8878321647644043,2024-09-01
US-xJR,2024,9,,,GPP_Baseline,pred,0.458321750164032,2024-09-01
US-xST,2024,9,,,GPP_Baseline,pred,6.065279006958008,2024-09-01
US-xTR,2024,9,,,GPP_Baseline,pred,6.608136177062988,2024-09-01
US-xHA,2024,9,,,GPP_Baseline,pred,7.662539482116699,2024-09-01
US-xSL,2024,10,,,GPP_Baseline,pred,0.610929548740387,2024-10-01
US-xJR,2024,10,,,GPP_Baseline,pred,0.2989543080329895,2024-10-01
US-xST,2024,10,,,GPP_Baseline,pred,1.4413862228393555,2024-10-01
US-xTR,2024,10,,,GPP_Baseline,pred,1.4067304134368896,2024-10-01
US-xHA,2024,10,,,GPP_Baseline,pred,3.0786008834838867,2024-10-01
US-xSL,2024,11,,,GPP_Baseline,pred,0.16752855479717255,2024-11-01
US-xJR,2024,11,,,GPP_Baseline,pred,0.20496949553489685,2024-11-01
US-xST,2024,11,,,GPP_Baseline,pred,0.29100170731544495,2024-11-01
US-xTR,2024,11,,,GPP_Baseline,pred,0.3086817264556885,2024-11-01
US-xHA,2024,11,,,GPP_Baseline,pred,0.752557635307312,2024-11-01
US-xSL,2024,12,,,GPP_Baseline,pred,0.10334037989377975,2024-12-01
US-xJR,2024,12,,,GPP_Baseline,pred,0.17845311760902405,2024-12-01
US-xST,2024,12,,,GPP_Baseline,pred,-0.05466185510158539,2024-12-01
US-xTR,2024,12,,,GPP_Baseline,pred,-0.035187482833862305,2024-12-01
US-xHA,2024,12,,,GPP_Baseline,pred,0.033450376242399216,2024-12-01
US-xSL,2024,1,,,NEE_Baseline,pred,0.36360207200050354,2024-01-01
US-xJR,2024,1,,,NEE_Baseline,pred,-0.05358998477458954,2024-01-01
US-xST,2024,1,,,NEE_Baseline,pred,0.5806244015693665,2024-01-01
US-xTR,2024,1,,,NEE_Baseline,pred,0.6895686984062195,2024-01-01
US-xHA,2024,1,,,NEE_Baseline,pred,1.1815567016601562,2024-01-01
US-xSL,2024,2,,,NEE_Baseline,pred,0.24229346215724945,2024-02-01
US-xJR,2024,2,,,NEE_Baseline,pred,-0.07614239305257797,2024-02-01
US-xST,2024,2,,,NEE_Baseline,pred,0.637087345123291,2024-02-01
US-xTR,2024,2,,,NEE_Baseline,pred,0.710992157459259,2024-02-01
US-xHA,2024,2,,,NEE_Baseline,pred,1.03529691696167,2024-02-01
US-xSL,2024,3,,,NEE_Baseline,pred,0.12521320581436157,2024-03-01
US-xJR,2024,3,,,NEE_Baseline,pred,-0.16304868459701538,2024-03-01
US-xST,2024,3,,,NEE_Baseline,pred,0.516273021697998,2024-03-01
US-xTR,2024,3,,,NEE_Baseline,pred,0.5433396100997925,2024-03-01
US-xHA,2024,3,,,NEE_Baseline,pred,0.8867688775062561,2024-03-01
US-xSL,2024,4,,,NEE_Baseline,pred,0.037011921405792236,2024-04-01
US-xJR,2024,4,,,NEE_Baseline,pred,-0.22483213245868683,2024-04-01
US-xST,2024,4,,,NEE_Baseline,pred,0.7356188297271729,2024-04-01
US-xTR,2024,4,,,NEE_Baseline,pred,0.8013848066329956,2024-04-01
US-xHA,2024,4,,,NEE_Baseline,pred,1.2027043104171753,2024-04-01
US-xSL,2024,5,,,NEE_Baseline,pred,-0.7931378483772278,2024-05-01
US-xJR,2024,5,,,NEE_Baseline,pred,-0.11911926418542862,2024-05-01
US-xST,2024,5,,,NEE_Baseline,pred,-0.6051318645477295,2024-05-01
US-xTR,2024,5,,,NEE_Baseline,pred,-0.5510473251342773,2024-05-01
US-xHA,2024,5,,,NEE_Baseline,pred,-1.1214438676834106,2024-05-01
US-xSL,2024,6,,,NEE_Baseline,pred,-0.20550282299518585,2024-06-01
US-xJR,2024,6,,,NEE_Baseline,pred,-0.035145875066518784,2024-06-01
US-xST,2024,6,,,NEE_Baseline,pred,-4.954786777496338,2024-06-01
US-xTR,2024,6,,,NEE_Baseline,pred,-4.256988525390625,2024-06-01
US-xHA,2024,6,,,NEE_Baseline,pred,-5.870610237121582,2024-06-01
US-xSL,2024,7,,,NEE_Baseline,pred,-0.061486195772886276,2024-07-01
US-xJR,2024,7,,,NEE_Baseline,pred,-0.0033295345492661,2024-07-01
US-xST,2024,7,,,NEE_Baseline,pred,-4.3129377365112305,2024-07-01
US-xTR,2024,7,,,NEE_Baseline,pred,-3.2599565982818604,2024-07-01
US-xHA,2024,7,,,NEE_Baseline,pred,-5.7438201904296875,2024-07-01
US-xSL,2024,8,,,NEE_Baseline,pred,-0.9402459263801575,2024-08-01
US-xJR,2024,8,,,NEE_Baseline,pred,0.06632114946842194,2024-08-01
US-xST,2024,8,,,NEE_Baseline,pred,-2.9949402809143066,2024-08-01
US-xTR,2024,8,,,NEE_Baseline,pred,-2.6874191761016846,2024-08-01
US-xHA,2024,8,,,NEE_Baseline,pred,-4.9132819175720215,2024-08-01
US-xSL,2024,9,,,NEE_Baseline,pred,-0.28819388151168823,2024-09-01
US-xJR,2024,9,,,NEE_Baseline,pred,-0.03061143308877945,2024-09-01
US-xST,2024,9,,,NEE_Baseline,pred,-1.6260342597961426,2024-09-01
US-xTR,2024,9,,,NEE_Baseline,pred,-1.6779749393463135,2024-09-01
US-xHA,2024,9,,,NEE_Baseline,pred,-2.7928669452667236,2024-09-01
US-xSL,2024,10,,,NEE_Baseline,pred,0.288589209318161,2024-10-01
US-xJR,2024,10,,,NEE_Baseline,pred,-0.12289979308843613,2024-10-01
US-xST,2024,10,,,NEE_Baseline,pred,0.8142116069793701,2024-10-01
US-xTR,2024,10,,,NEE_Baseline,pred,0.7225114107131958,2024-10-01
US-xHA,2024,10,,,NEE_Baseline,pred,-0.042803119868040085,2024-10-01
US-xSL,2024,11,,,NEE_Baseline,pred,0.2896294593811035,2024-11-01
US-xJR,2024,11,,,NEE_Baseline,pred,-0.07664591819047928,2024-11-01
US-xST,2024,11,,,NEE_Baseline,pred,1.0166376829147339,2024-11-01
US-xTR,2024,11,,,NEE_Baseline,pred,1.1210144758224487,2024-11-01
US-xHA,2024,11,,,NEE_Baseline,pred,1.7078243494033813,2024-11-01
US-xSL,2024,12,,,NEE_Baseline,pred,0.27587875723838806,2024-12-01
US-xJR,2024,12,,,NEE_Baseline,pred,-0.033247970044612885,2024-12-01
US-xST,2024,12,,,NEE_Baseline,pred,0.6942400932312012,2024-12-01
US-xTR,2024,12,,,NEE_Baseline,pred,0.7801336646080017,2024-12-01
US-xHA,2024,12,,,NEE_Baseline,pred,1.2211161851882935,2024-12-01
